,level_0,Facility.ID,Jurisdiction,State,Name,Date,Population.Feb20,Residents.Population,Residents.Initiated,Residents.Completed,Residents.Vadmin,Latitude,Longitude,County_FIPS,Initiated.Coverage,Completed.Coverage,Mono.Initiated.Rate,Mono.Completed.Rate,Days,Days_since_last,Corrected_Date,Corrected_Initiated_Coverage,Week,Year
288843,0,1152,state,Pennsylvania,ALBION CORRECTIONAL FACILITY,2020-04-04,2205.0,,,,,41.87872712,-80.36314055,42049,,,,,0,,04/04/2020,,14,2020
288844,1,1152,state,Pennsylvania,ALBION CORRECTIONAL FACILITY,2020-04-05,2205.0,,,,,41.87872712,-80.36314055,42049,,,,,1,1.0,04/05/2020,,14,2020
288845,2,1152,state,Pennsylvania,ALBION CORRECTIONAL FACILITY,2020-04-06,2205.0,,,,,41.87872712,-80.36314055,42049,,,,,2,1.0,04/06/2020,,15,2020
288846,3,1152,state,Pennsylvania,ALBION CORRECTIONAL FACILITY,2020-04-07,2205.0,,,,,41.87872712,-80.36314055,42049,,,,,3,1.0,04/07/2020,,15,2020
288847,4,1152,state,Pennsylvania,ALBION CORRECTIONAL FACILITY,2020-04-08,2205.0,,,,,41.87872712,-80.36314055,42049,,,,,4,1.0,04/08/2020,,15,2020
288848,5,1152,state,Pennsylvania,ALBION CORRECTIONAL FACILITY,2020-04-09,2205.0,,,,,41.87872712,-80.36314055,42049,,,,,5,1.0,04/09/2020,,15,2020
288849,6,1152,state,Pennsylvania,ALBION CORRECTIONAL FACILITY,2020-04-10,2205.0,,,,,41.87872712,-80.36314055,42049,,,,,6,1.0,04/10/2020,,15,2020
288850,7,1152,state,Pennsylvania,ALBION CORRECTIONAL FACILITY,2020-04-11,2205.0,2272.0,,,,41.87872712,-80.36314055,42049,,,,,7,1.0,04/11/2020,,15,2020
288851,8,1152,state,Pennsylvania,ALBION CORRECTIONAL FACILITY,2020-04-12,2205.0,2270.0,,,,41.87872712,-80.36314055,42049,,,,,8,1.0,04/12/2020,,15,2020
288852,9,1152,state,Pennsylvania,ALBION CORRECTIONAL FACILITY,2020-04-13,2205.0,2270.0,,,,41.87872712,-80.36314055,42049,,,,,9,1.0,04/13/2020,,16,2020
288853,10,1152,state,Pennsylvania,ALBION CORRECTIONAL FACILITY,2020-04-14,2205.0,2270.0,,,,41.87872712,-80.36314055,42049,,,,,10,1.0,04/14/2020,,16,2020
288854,11,1152,state,Pennsylvania,ALBION CORRECTIONAL FACILITY,2020-04-15,2205.0,2264.0,,,,41.87872712,-80.36314055,42049,,,,,11,1.0,04/15/2020,,16,2020
288855,12,1152,state,Pennsylvania,ALBION CORRECTIONAL FACILITY,2020-04-16,2205.0,2264.0,,,,41.87872712,-80.36314055,42049,,,,,12,1.0,04/16/2020,,16,2020
288856,13,1152,state,Pennsylvania,ALBION CORRECTIONAL FACILITY,2020-04-17,2205.0,2263.0,,,,41.87872712,-80.36314055,42049,,,,,13,1.0,04/17/2020,,16,2020
288857,14,1152,state,Pennsylvania,ALBION CORRECTIONAL FACILITY,2020-04-18,2205.0,2260.0,,,,41.87872712,-80.36314055,42049,,,,,14,1.0,04/18/2020,,16,2020
288858,15,1152,state,Pennsylvania,ALBION CORRECTIONAL FACILITY,2020-04-19,2205.0,2259.0,,,,41.87872712,-80.36314055,42049,,,,,15,1.0,04/19/2020,,16,2020
288859,16,1152,state,Pennsylvania,ALBION CORRECTIONAL FACILITY,2020-04-20,2205.0,2258.0,,,,41.87872712,-80.36314055,42049,,,,,16,1.0,04/20/2020,,17,2020
288860,17,1152,state,Pennsylvania,ALBION CORRECTIONAL FACILITY,2020-04-21,2205.0,2258.0,,,,41.87872712,-80.36314055,42049,,,,,17,1.0,04/21/2020,,17,2020
288861,18,1152,state,Pennsylvania,ALBION CORRECTIONAL FACILITY,2020-04-22,2205.0,2258.0,,,,41.87872712,-80.36314055,42049,,,,,18,1.0,04/22/2020,,17,2020
288862,19,1152,state,Pennsylvania,ALBION CORRECTIONAL FACILITY,2020-04-23,2205.0,2248.0,,,,41.87872712,-80.36314055,42049,,,,,19,1.0,04/23/2020,,17,2020
288863,20,1152,state,Pennsylvania,ALBION CORRECTIONAL FACILITY,2020-04-24,2205.0,2248.0,,,,41.87872712,-80.36314055,42049,,,,,20,1.0,04/24/2020,,17,2020
288864,21,1152,state,Pennsylvania,ALBION CORRECTIONAL FACILITY,2020-04-25,2205.0,2245.0,,,,41.87872712,-80.36314055,42049,,,,,21,1.0,04/25/2020,,17,2020
288865,22,1152,state,Pennsylvania,ALBION CORRECTIONAL FACILITY,2020-04-26,2205.0,2245.0,,,,41.87872712,-80.36314055,42049,,,,,22,1.0,04/26/2020,,17,2020
288866,23,1152,state,Pennsylvania,ALBION CORRECTIONAL FACILITY,2020-04-27,2205.0,2243.0,,,,41.87872712,-80.36314055,42049,,,,,23,1.0,04/27/2020,,18,2020
288867,24,1152,state,Pennsylvania,ALBION CORRECTIONAL FACILITY,2020-04-28,2205.0,2243.0,,,,41.87872712,-80.36314055,42049,,,,,24,1.0,04/28/2020,,18,2020
288868,25,1152,state,Pennsylvania,ALBION CORRECTIONAL FACILITY,2020-04-29,2205.0,2243.0,,,,41.87872712,-80.36314055,42049,,,,,25,1.0,04/29/2020,,18,2020
288869,26,1152,state,Pennsylvania,ALBION CORRECTIONAL FACILITY,2020-04-30,2205.0,2243.0,,,,41.87872712,-80.36314055,42049,,,,,26,1.0,04/30/2020,,18,2020
288870,27,1152,state,Pennsylvania,ALBION CORRECTIONAL FACILITY,2020-05-01,2205.0,2237.0,,,,41.87872712,-80.36314055,42049,,,,,27,1.0,05/01/2020,,18,2020
288871,28,1152,state,Pennsylvania,ALBION CORRECTIONAL FACILITY,2020-05-02,2205.0,2237.0,,,,41.87872712,-80.36314055,42049,,,,,28,1.0,05/02/2020,,18,2020
288872,29,1152,state,Pennsylvania,ALBION CORRECTIONAL FACILITY,2020-05-03,2205.0,2237.0,,,,41.87872712,-80.36314055,42049,,,,,29,1.0,05/03/2020,,18,2020
288873,30,1152,state,Pennsylvania,ALBION CORRECTIONAL FACILITY,2020-05-04,2205.0,2231.0,,,,41.87872712,-80.36314055,42049,,,,,30,1.0,05/04/2020,,19,2020
288874,31,1152,state,Pennsylvania,ALBION CORRECTIONAL FACILITY,2020-05-05,2205.0,2231.0,,,,41.87872712,-80.36314055,42049,,,,,31,1.0,05/05/2020,,19,2020
288875,32,1152,state,Pennsylvania,ALBION CORRECTIONAL FACILITY,2020-05-06,2205.0,2229.0,,,,41.87872712,-80.36314055,42049,,,,,32,1.0,05/06/2020,,19,2020
288876,33,1152,state,Pennsylvania,ALBION CORRECTIONAL FACILITY,2020-05-07,2205.0,2229.0,,,,41.87872712,-80.36314055,42049,,,,,33,1.0,05/07/2020,,19,2020
288877,34,1152,state,Pennsylvania,ALBION CORRECTIONAL FACILITY,2020-05-08,2205.0,2217.0,,,,41.87872712,-80.36314055,42049,,,,,34,1.0,05/08/2020,,19,2020
288878,35,1152,state,Pennsylvania,ALBION CORRECTIONAL FACILITY,2020-05-09,2205.0,2217.0,,,,41.87872712,-80.36314055,42049,,,,,35,1.0,05/09/2020,,19,2020
288879,36,1152,state,Pennsylvania,ALBION CORRECTIONAL FACILITY,2020-05-10,2205.0,2208.0,,,,41.87872712,-80.36314055,42049,,,,,36,1.0,05/10/2020,,19,2020
288880,37,1152,state,Pennsylvania,ALBION CORRECTIONAL FACILITY,2020-05-11,2205.0,2208.0,,,,41.87872712,-80.36314055,42049,,,,,37,1.0,05/11/2020,,20,2020
288881,38,1152,state,Pennsylvania,ALBION CORRECTIONAL FACILITY,2020-05-12,2205.0,2208.0,,,,41.87872712,-80.36314055,42049,,,,,38,1.0,05/12/2020,,20,2020
288882,39,1152,state,Pennsylvania,ALBION CORRECTIONAL FACILITY,2020-05-13,2205.0,2208.0,,,,41.87872712,-80.36314055,42049,,,,,39,1.0,05/13/2020,,20,2020
288883,40,1152,state,Pennsylvania,ALBION CORRECTIONAL FACILITY,2020-05-14,2205.0,2204.0,,,,41.87872712,-80.36314055,42049,,,,,40,1.0,05/14/2020,,20,2020
288884,41,1152,state,Pennsylvania,ALBION CORRECTIONAL FACILITY,2020-05-15,2205.0,2201.0,,,,41.87872712,-80.36314055,42049,,,,,41,1.0,05/15/2020,,20,2020
288885,42,1152,state,Pennsylvania,ALBION CORRECTIONAL FACILITY,2020-05-16,2205.0,2201.0,,,,41.87872712,-80.36314055,42049,,,,,42,1.0,05/16/2020,,20,2020
288886,43,1152,state,Pennsylvania,ALBION CORRECTIONAL FACILITY,2020-05-17,2205.0,2201.0,,,,41.87872712,-80.36314055,42049,,,,,43,1.0,05/17/2020,,20,2020
288887,44,1152,state,Pennsylvania,ALBION CORRECTIONAL FACILITY,2020-05-18,2205.0,2201.0,,,,41.87872712,-80.36314055,42049,,,,,44,1.0,05/18/2020,,21,2020
288888,45,1152,state,Pennsylvania,ALBION CORRECTIONAL FACILITY,2020-05-19,2205.0,2195.0,,,,41.87872712,-80.36314055,42049,,,,,45,1.0,05/19/2020,,21,2020
288889,46,1152,state,Pennsylvania,ALBION CORRECTIONAL FACILITY,2020-05-20,2205.0,2195.0,,,,41.87872712,-80.36314055,42049,,,,,46,1.0,05/20/2020,,21,2020
288890,47,1152,state,Pennsylvania,ALBION CORRECTIONAL FACILITY,2020-05-21,2205.0,2190.0,,,,41.87872712,-80.36314055,42049,,,,,47,1.0,05/21/2020,,21,2020
288891,48,1152,state,Pennsylvania,ALBION CORRECTIONAL FACILITY,2020-05-22,2205.0,2189.0,,,,41.87872712,-80.36314055,42049,,,,,48,1.0,05/22/2020,,21,2020
288892,49,1152,state,Pennsylvania,ALBION CORRECTIONAL FACILITY,2020-05-23,2205.0,2188.0,,,,41.87872712,-80.36314055,42049,,,,,49,1.0,05/23/2020,,21,2020
288893,50,1152,state,Pennsylvania,ALBION CORRECTIONAL FACILITY,2020-05-24,2205.0,2187.0,,,,41.87872712,-80.36314055,42049,,,,,50,1.0,05/24/2020,,21,2020
288894,51,1152,state,Pennsylvania,ALBION CORRECTIONAL FACILITY,2020-05-25,2205.0,2187.0,,,,41.87872712,-80.36314055,42049,,,,,51,1.0,05/25/2020,,22,2020
288895,52,1152,state,Pennsylvania,ALBION CORRECTIONAL FACILITY,2020-05-26,2205.0,2186.0,,,,41.87872712,-80.36314055,42049,,,,,52,1.0,05/26/2020,,22,2020
288896,53,1152,state,Pennsylvania,ALBION CORRECTIONAL FACILITY,2020-05-27,2205.0,2186.0,,,,41.87872712,-80.36314055,42049,,,,,53,1.0,05/27/2020,,22,2020
288897,54,1152,state,Pennsylvania,ALBION CORRECTIONAL FACILITY,2020-05-28,2205.0,2192.0,,,,41.87872712,-80.36314055,42049,,,,,54,1.0,05/28/2020,,22,2020
288898,55,1152,state,Pennsylvania,ALBION CORRECTIONAL FACILITY,2020-05-29,2205.0,2187.0,,,,41.87872712,-80.36314055,42049,,,,,55,1.0,05/29/2020,,22,2020
288899,56,1152,state,Pennsylvania,ALBION CORRECTIONAL FACILITY,2020-05-30,2205.0,2185.0,,,,41.87872712,-80.36314055,42049,,,,,56,1.0,05/30/2020,,22,2020
288900,57,1152,state,Pennsylvania,ALBION CORRECTIONAL FACILITY,2020-05-31,2205.0,2184.0,,,,41.87872712,-80.36314055,42049,,,,,57,1.0,05/31/2020,,22,2020
288901,58,1152,state,Pennsylvania,ALBION CORRECTIONAL FACILITY,2020-06-01,2205.0,2184.0,,,,41.87872712,-80.36314055,42049,,,,,58,1.0,06/01/2020,,23,2020
288902,59,1152,state,Pennsylvania,ALBION CORRECTIONAL FACILITY,2020-06-02,2205.0,2184.0,,,,41.87872712,-80.36314055,42049,,,,,59,1.0,06/02/2020,,23,2020
288903,60,1152,state,Pennsylvania,ALBION CORRECTIONAL FACILITY,2020-06-03,2205.0,2184.0,,,,41.87872712,-80.36314055,42049,,,,,60,1.0,06/03/2020,,23,2020
288904,61,1152,state,Pennsylvania,ALBION CORRECTIONAL FACILITY,2020-06-04,2205.0,2184.0,,,,41.87872712,-80.36314055,42049,,,,,61,1.0,06/04/2020,,23,2020
288905,62,1152,state,Pennsylvania,ALBION CORRECTIONAL FACILITY,2020-06-05,2205.0,2219.0,,,,41.87872712,-80.36314055,42049,,,,,62,1.0,06/05/2020,,23,2020
288906,63,1152,state,Pennsylvania,ALBION CORRECTIONAL FACILITY,2020-06-06,2205.0,2219.0,,,,41.87872712,-80.36314055,42049,,,,,63,1.0,06/06/2020,,23,2020
288907,64,1152,state,Pennsylvania,ALBION CORRECTIONAL FACILITY,2020-06-07,2205.0,2219.0,,,,41.87872712,-80.36314055,42049,,,,,64,1.0,06/07/2020,,23,2020
288908,65,1152,state,Pennsylvania,ALBION CORRECTIONAL FACILITY,2020-06-08,2205.0,2219.0,,,,41.87872712,-80.36314055,42049,,,,,65,1.0,06/08/2020,,24,2020
288909,66,1152,state,Pennsylvania,ALBION CORRECTIONAL FACILITY,2020-06-09,2205.0,2219.0,,,,41.87872712,-80.36314055,42049,,,,,66,1.0,06/09/2020,,24,2020
288910,67,1152,state,Pennsylvania,ALBION CORRECTIONAL FACILITY,2020-06-10,2205.0,2217.0,,,,41.87872712,-80.36314055,42049,,,,,67,1.0,06/10/2020,,24,2020
288911,68,1152,state,Pennsylvania,ALBION CORRECTIONAL FACILITY,2020-06-11,2205.0,2217.0,,,,41.87872712,-80.36314055,42049,,,,,68,1.0,06/11/2020,,24,2020
288912,69,1152,state,Pennsylvania,ALBION CORRECTIONAL FACILITY,2020-06-12,2205.0,2217.0,,,,41.87872712,-80.36314055,42049,,,,,69,1.0,06/12/2020,,24,2020
288913,70,1152,state,Pennsylvania,ALBION CORRECTIONAL FACILITY,2020-06-13,2205.0,2217.0,,,,41.87872712,-80.36314055,42049,,,,,70,1.0,06/13/2020,,24,2020
288914,71,1152,state,Pennsylvania,ALBION CORRECTIONAL FACILITY,2020-06-14,2205.0,2217.0,,,,41.87872712,-80.36314055,42049,,,,,71,1.0,06/14/2020,,24,2020
288915,72,1152,state,Pennsylvania,ALBION CORRECTIONAL FACILITY,2020-06-15,2205.0,2213.0,,,,41.87872712,-80.36314055,42049,,,,,72,1.0,06/15/2020,,25,2020
288916,73,1152,state,Pennsylvania,ALBION CORRECTIONAL FACILITY,2020-06-16,2205.0,2213.0,,,,41.87872712,-80.36314055,42049,,,,,73,1.0,06/16/2020,,25,2020
288917,74,1152,state,Pennsylvania,ALBION CORRECTIONAL FACILITY,2020-06-17,2205.0,2213.0,,,,41.87872712,-80.36314055,42049,,,,,74,1.0,06/17/2020,,25,2020
288918,75,1152,state,Pennsylvania,ALBION CORRECTIONAL FACILITY,2020-06-18,2205.0,2217.0,,,,41.87872712,-80.36314055,42049,,,,,75,1.0,06/18/2020,,25,2020
288919,76,1152,state,Pennsylvania,ALBION CORRECTIONAL FACILITY,2020-06-19,2205.0,2217.0,,,,41.87872712,-80.36314055,42049,,,,,76,1.0,06/19/2020,,25,2020
288920,77,1152,state,Pennsylvania,ALBION CORRECTIONAL FACILITY,2020-06-20,2205.0,2217.0,,,,41.87872712,-80.36314055,42049,,,,,77,1.0,06/20/2020,,25,2020
288921,78,1152,state,Pennsylvania,ALBION CORRECTIONAL FACILITY,2020-06-21,2205.0,2217.0,,,,41.87872712,-80.36314055,42049,,,,,78,1.0,06/21/2020,,25,2020
288922,79,1152,state,Pennsylvania,ALBION CORRECTIONAL FACILITY,2020-06-22,2205.0,2217.0,,,,41.87872712,-80.36314055,42049,,,,,79,1.0,06/22/2020,,26,2020
288923,80,1152,state,Pennsylvania,ALBION CORRECTIONAL FACILITY,2020-06-23,2205.0,2217.0,,,,41.87872712,-80.36314055,42049,,,,,80,1.0,06/23/2020,,26,2020
288924,81,1152,state,Pennsylvania,ALBION CORRECTIONAL FACILITY,2020-06-24,2205.0,2217.0,,,,41.87872712,-80.36314055,42049,,,,,81,1.0,06/24/2020,,26,2020
288925,82,1152,state,Pennsylvania,ALBION CORRECTIONAL FACILITY,2020-06-25,2205.0,2217.0,,,,41.87872712,-80.36314055,42049,,,,,82,1.0,06/25/2020,,26,2020
288926,83,1152,state,Pennsylvania,ALBION CORRECTIONAL FACILITY,2020-06-26,2205.0,2217.0,,,,41.87872712,-80.36314055,42049,,,,,83,1.0,06/26/2020,,26,2020
288927,84,1152,state,Pennsylvania,ALBION CORRECTIONAL FACILITY,2020-06-27,2205.0,2217.0,,,,41.87872712,-80.36314055,42049,,,,,84,1.0,06/27/2020,,26,2020
288928,85,1152,state,Pennsylvania,ALBION CORRECTIONAL FACILITY,2020-06-28,2205.0,2217.0,,,,41.87872712,-80.36314055,42049,,,,,85,1.0,06/28/2020,,26,2020
288929,86,1152,state,Pennsylvania,ALBION CORRECTIONAL FACILITY,2020-06-29,2205.0,2204.0,,,,41.87872712,-80.36314055,42049,,,,,86,1.0,06/29/2020,,27,2020
288930,87,1152,state,Pennsylvania,ALBION CORRECTIONAL FACILITY,2020-06-30,2205.0,2202.0,,,,41.87872712,-80.36314055,42049,,,,,87,1.0,06/30/2020,,27,2020
288931,88,1152,state,Pennsylvania,ALBION CORRECTIONAL FACILITY,2020-07-01,2205.0,2202.0,,,,41.87872712,-80.36314055,42049,,,,,88,1.0,07/01/2020,,27,2020
288932,89,1152,state,Pennsylvania,ALBION CORRECTIONAL FACILITY,2020-07-02,2205.0,2202.0,,,,41.87872712,-80.36314055,42049,,,,,89,1.0,07/02/2020,,27,2020
288933,90,1152,state,Pennsylvania,ALBION CORRECTIONAL FACILITY,2020-07-03,2205.0,2202.0,,,,41.87872712,-80.36314055,42049,,,,,90,1.0,07/03/2020,,27,2020
288934,91,1152,state,Pennsylvania,ALBION CORRECTIONAL FACILITY,2020-07-04,2205.0,2202.0,,,,41.87872712,-80.36314055,42049,,,,,91,1.0,07/04/2020,,27,2020
288935,92,1152,state,Pennsylvania,ALBION CORRECTIONAL FACILITY,2020-07-05,2205.0,2202.0,,,,41.87872712,-80.36314055,42049,,,,,92,1.0,07/05/2020,,27,2020
288936,93,1152,state,Pennsylvania,ALBION CORRECTIONAL FACILITY,2020-07-06,2205.0,2202.0,,,,41.87872712,-80.36314055,42049,,,,,93,1.0,07/06/2020,,28,2020
288937,94,1152,state,Pennsylvania,ALBION CORRECTIONAL FACILITY,2020-07-07,2205.0,2202.0,,,,41.87872712,-80.36314055,42049,,,,,94,1.0,07/07/2020,,28,2020
288938,95,1152,state,Pennsylvania,ALBION CORRECTIONAL FACILITY,2020-07-08,2205.0,2191.0,,,,41.87872712,-80.36314055,42049,,,,,95,1.0,07/08/2020,,28,2020
288939,96,1152,state,Pennsylvania,ALBION CORRECTIONAL FACILITY,2020-07-09,2205.0,2191.0,,,,41.87872712,-80.36314055,42049,,,,,96,1.0,07/09/2020,,28,2020
288940,97,1152,state,Pennsylvania,ALBION CORRECTIONAL FACILITY,2020-07-10,2205.0,2191.0,,,,41.87872712,-80.36314055,42049,,,,,97,1.0,07/10/2020,,28,2020
288941,98,1152,state,Pennsylvania,ALBION CORRECTIONAL FACILITY,2020-07-11,2205.0,2191.0,,,,41.87872712,-80.36314055,42049,,,,,98,1.0,07/11/2020,,28,2020
288942,99,1152,state,Pennsylvania,ALBION CORRECTIONAL FACILITY,2020-07-12,2205.0,2191.0,,,,41.87872712,-80.36314055,42049,,,,,99,1.0,07/12/2020,,28,2020
288943,100,1152,state,Pennsylvania,ALBION CORRECTIONAL FACILITY,2020-07-13,2205.0,2191.0,,,,41.87872712,-80.36314055,42049,,,,,100,1.0,07/13/2020,,29,2020
288944,101,1152,state,Pennsylvania,ALBION CORRECTIONAL FACILITY,2020-07-14,2205.0,2191.0,,,,41.87872712,-80.36314055,42049,,,,,101,1.0,07/14/2020,,29,2020
288945,102,1152,state,Pennsylvania,ALBION CORRECTIONAL FACILITY,2020-07-15,2205.0,2191.0,,,,41.87872712,-80.36314055,42049,,,,,102,1.0,07/15/2020,,29,2020
288946,103,1152,state,Pennsylvania,ALBION CORRECTIONAL FACILITY,2020-07-16,2205.0,2191.0,,,,41.87872712,-80.36314055,42049,,,,,103,1.0,07/16/2020,,29,2020
288947,104,1152,state,Pennsylvania,ALBION CORRECTIONAL FACILITY,2020-07-17,2205.0,2191.0,,,,41.87872712,-80.36314055,42049,,,,,104,1.0,07/17/2020,,29,2020
288948,105,1152,state,Pennsylvania,ALBION CORRECTIONAL FACILITY,2020-07-18,2205.0,2191.0,,,,41.87872712,-80.36314055,42049,,,,,105,1.0,07/18/2020,,29,2020
288949,106,1152,state,Pennsylvania,ALBION CORRECTIONAL FACILITY,2020-07-19,2205.0,2191.0,,,,41.87872712,-80.36314055,42049,,,,,106,1.0,07/19/2020,,29,2020
288950,107,1152,state,Pennsylvania,ALBION CORRECTIONAL FACILITY,2020-07-20,2205.0,2191.0,,,,41.87872712,-80.36314055,42049,,,,,107,1.0,07/20/2020,,30,2020
288951,108,1152,state,Pennsylvania,ALBION CORRECTIONAL FACILITY,2020-07-21,2205.0,2191.0,,,,41.87872712,-80.36314055,42049,,,,,108,1.0,07/21/2020,,30,2020
288952,109,1152,state,Pennsylvania,ALBION CORRECTIONAL FACILITY,2020-07-22,2205.0,2191.0,,,,41.87872712,-80.36314055,42049,,,,,109,1.0,07/22/2020,,30,2020
288953,110,1152,state,Pennsylvania,ALBION CORRECTIONAL FACILITY,2020-07-23,2205.0,2191.0,,,,41.87872712,-80.36314055,42049,,,,,110,1.0,07/23/2020,,30,2020
288954,111,1152,state,Pennsylvania,ALBION CORRECTIONAL FACILITY,2020-07-24,2205.0,2191.0,,,,41.87872712,-80.36314055,42049,,,,,111,1.0,07/24/2020,,30,2020
288955,112,1152,state,Pennsylvania,ALBION CORRECTIONAL FACILITY,2020-07-25,2205.0,2191.0,,,,41.87872712,-80.36314055,42049,,,,,112,1.0,07/25/2020,,30,2020
288956,113,1152,state,Pennsylvania,ALBION CORRECTIONAL FACILITY,2020-07-26,2205.0,2191.0,,,,41.87872712,-80.36314055,42049,,,,,113,1.0,07/26/2020,,30,2020
288957,114,1152,state,Pennsylvania,ALBION CORRECTIONAL FACILITY,2020-07-27,2205.0,2191.0,,,,41.87872712,-80.36314055,42049,,,,,114,1.0,07/27/2020,,31,2020
288958,115,1152,state,Pennsylvania,ALBION CORRECTIONAL FACILITY,2020-07-28,2205.0,2191.0,,,,41.87872712,-80.36314055,42049,,,,,115,1.0,07/28/2020,,31,2020
288959,116,1152,state,Pennsylvania,ALBION CORRECTIONAL FACILITY,2020-07-29,2205.0,2191.0,,,,41.87872712,-80.36314055,42049,,,,,116,1.0,07/29/2020,,31,2020
288960,117,1152,state,Pennsylvania,ALBION CORRECTIONAL FACILITY,2020-07-30,2205.0,2191.0,,,,41.87872712,-80.36314055,42049,,,,,117,1.0,07/30/2020,,31,2020
288961,118,1152,state,Pennsylvania,ALBION CORRECTIONAL FACILITY,2020-07-31,2205.0,2191.0,,,,41.87872712,-80.36314055,42049,,,,,118,1.0,07/31/2020,,31,2020
288962,119,1152,state,Pennsylvania,ALBION CORRECTIONAL FACILITY,2020-08-01,2205.0,2191.0,,,,41.87872712,-80.36314055,42049,,,,,119,1.0,08/01/2020,,31,2020
288963,120,1152,state,Pennsylvania,ALBION CORRECTIONAL FACILITY,2020-08-02,2205.0,2191.0,,,,41.87872712,-80.36314055,42049,,,,,120,1.0,08/02/2020,,31,2020
288964,121,1152,state,Pennsylvania,ALBION CORRECTIONAL FACILITY,2020-08-03,2205.0,2195.0,,,,41.87872712,-80.36314055,42049,,,,,121,1.0,08/03/2020,,32,2020
288965,122,1152,state,Pennsylvania,ALBION CORRECTIONAL FACILITY,2020-08-04,2205.0,2195.0,,,,41.87872712,-80.36314055,42049,,,,,122,1.0,08/04/2020,,32,2020
288966,123,1152,state,Pennsylvania,ALBION CORRECTIONAL FACILITY,2020-08-05,2205.0,2195.0,,,,41.87872712,-80.36314055,42049,,,,,123,1.0,08/05/2020,,32,2020
288967,124,1152,state,Pennsylvania,ALBION CORRECTIONAL FACILITY,2020-08-06,2205.0,2195.0,,,,41.87872712,-80.36314055,42049,,,,,124,1.0,08/06/2020,,32,2020
288968,125,1152,state,Pennsylvania,ALBION CORRECTIONAL FACILITY,2020-08-07,2205.0,2195.0,,,,41.87872712,-80.36314055,42049,,,,,125,1.0,08/07/2020,,32,2020
288969,126,1152,state,Pennsylvania,ALBION CORRECTIONAL FACILITY,2020-08-08,2205.0,2195.0,,,,41.87872712,-80.36314055,42049,,,,,126,1.0,08/08/2020,,32,2020
288970,127,1152,state,Pennsylvania,ALBION CORRECTIONAL FACILITY,2020-08-09,2205.0,2195.0,,,,41.87872712,-80.36314055,42049,,,,,127,1.0,08/09/2020,,32,2020
288971,128,1152,state,Pennsylvania,ALBION CORRECTIONAL FACILITY,2020-08-10,2205.0,2195.0,,,,41.87872712,-80.36314055,42049,,,,,128,1.0,08/10/2020,,33,2020
288972,129,1152,state,Pennsylvania,ALBION CORRECTIONAL FACILITY,2020-08-11,2205.0,2195.0,,,,41.87872712,-80.36314055,42049,,,,,129,1.0,08/11/2020,,33,2020
288973,130,1152,state,Pennsylvania,ALBION CORRECTIONAL FACILITY,2020-08-12,2205.0,2195.0,,,,41.87872712,-80.36314055,42049,,,,,130,1.0,08/12/2020,,33,2020
288974,131,1152,state,Pennsylvania,ALBION CORRECTIONAL FACILITY,2020-08-14,2205.0,2195.0,,,,41.87872712,-80.36314055,42049,,,,,132,2.0,08/14/2020,,33,2020
288975,132,1152,state,Pennsylvania,ALBION CORRECTIONAL FACILITY,2020-08-15,2205.0,2195.0,,,,41.87872712,-80.36314055,42049,,,,,133,1.0,08/15/2020,,33,2020
288976,133,1152,state,Pennsylvania,ALBION CORRECTIONAL FACILITY,2020-08-16,2205.0,2195.0,,,,41.87872712,-80.36314055,42049,,,,,134,1.0,08/16/2020,,33,2020
288977,134,1152,state,Pennsylvania,ALBION CORRECTIONAL FACILITY,2020-08-17,2205.0,2208.0,,,,41.87872712,-80.36314055,42049,,,,,135,1.0,08/17/2020,,34,2020
288978,135,1152,state,Pennsylvania,ALBION CORRECTIONAL FACILITY,2020-08-18,2205.0,2208.0,,,,41.87872712,-80.36314055,42049,,,,,136,1.0,08/18/2020,,34,2020
288979,136,1152,state,Pennsylvania,ALBION CORRECTIONAL FACILITY,2020-08-19,2205.0,2208.0,,,,41.87872712,-80.36314055,42049,,,,,137,1.0,08/19/2020,,34,2020
288980,137,1152,state,Pennsylvania,ALBION CORRECTIONAL FACILITY,2020-08-20,2205.0,2208.0,,,,41.87872712,-80.36314055,42049,,,,,138,1.0,08/20/2020,,34,2020
288981,138,1152,state,Pennsylvania,ALBION CORRECTIONAL FACILITY,2020-08-21,2205.0,2208.0,,,,41.87872712,-80.36314055,42049,,,,,139,1.0,08/21/2020,,34,2020
288982,139,1152,state,Pennsylvania,ALBION CORRECTIONAL FACILITY,2020-08-22,2205.0,2208.0,,,,41.87872712,-80.36314055,42049,,,,,140,1.0,08/22/2020,,34,2020
288983,140,1152,state,Pennsylvania,ALBION CORRECTIONAL FACILITY,2020-08-23,2205.0,2208.0,,,,41.87872712,-80.36314055,42049,,,,,141,1.0,08/23/2020,,34,2020
288984,141,1152,state,Pennsylvania,ALBION CORRECTIONAL FACILITY,2020-08-24,2205.0,2208.0,,,,41.87872712,-80.36314055,42049,,,,,142,1.0,08/24/2020,,35,2020
288985,142,1152,state,Pennsylvania,ALBION CORRECTIONAL FACILITY,2020-08-25,2205.0,2208.0,,,,41.87872712,-80.36314055,42049,,,,,143,1.0,08/25/2020,,35,2020
288986,143,1152,state,Pennsylvania,ALBION CORRECTIONAL FACILITY,2020-08-26,2205.0,2208.0,,,,41.87872712,-80.36314055,42049,,,,,144,1.0,08/26/2020,,35,2020
288987,144,1152,state,Pennsylvania,ALBION CORRECTIONAL FACILITY,2020-08-27,2205.0,2208.0,,,,41.87872712,-80.36314055,42049,,,,,145,1.0,08/27/2020,,35,2020
288988,145,1152,state,Pennsylvania,ALBION CORRECTIONAL FACILITY,2020-08-28,2205.0,2208.0,,,,41.87872712,-80.36314055,42049,,,,,146,1.0,08/28/2020,,35,2020
288989,146,1152,state,Pennsylvania,ALBION CORRECTIONAL FACILITY,2020-08-29,2205.0,2208.0,,,,41.87872712,-80.36314055,42049,,,,,147,1.0,08/29/2020,,35,2020
288990,147,1152,state,Pennsylvania,ALBION CORRECTIONAL FACILITY,2020-08-30,2205.0,2208.0,,,,41.87872712,-80.36314055,42049,,,,,148,1.0,08/30/2020,,35,2020
288991,148,1152,state,Pennsylvania,ALBION CORRECTIONAL FACILITY,2020-08-31,2205.0,2208.0,,,,41.87872712,-80.36314055,42049,,,,,149,1.0,08/31/2020,,36,2020
288992,149,1152,state,Pennsylvania,ALBION CORRECTIONAL FACILITY,2020-09-01,2205.0,2208.0,,,,41.87872712,-80.36314055,42049,,,,,150,1.0,09/01/2020,,36,2020
288993,150,1152,state,Pennsylvania,ALBION CORRECTIONAL FACILITY,2020-09-02,2205.0,2208.0,,,,41.87872712,-80.36314055,42049,,,,,151,1.0,09/02/2020,,36,2020
288994,151,1152,state,Pennsylvania,ALBION CORRECTIONAL FACILITY,2020-09-03,2205.0,2208.0,,,,41.87872712,-80.36314055,42049,,,,,152,1.0,09/03/2020,,36,2020
288995,152,1152,state,Pennsylvania,ALBION CORRECTIONAL FACILITY,2020-09-04,2205.0,2208.0,,,,41.87872712,-80.36314055,42049,,,,,153,1.0,09/04/2020,,36,2020
288996,153,1152,state,Pennsylvania,ALBION CORRECTIONAL FACILITY,2020-09-05,2205.0,2208.0,,,,41.87872712,-80.36314055,42049,,,,,154,1.0,09/05/2020,,36,2020
288997,154,1152,state,Pennsylvania,ALBION CORRECTIONAL FACILITY,2020-09-06,2205.0,2231.0,,,,41.87872712,-80.36314055,42049,,,,,155,1.0,09/06/2020,,36,2020
288998,155,1152,state,Pennsylvania,ALBION CORRECTIONAL FACILITY,2020-09-07,2205.0,2231.0,,,,41.87872712,-80.36314055,42049,,,,,156,1.0,09/07/2020,,37,2020
288999,156,1152,state,Pennsylvania,ALBION CORRECTIONAL FACILITY,2020-09-08,2205.0,2231.0,,,,41.87872712,-80.36314055,42049,,,,,157,1.0,09/08/2020,,37,2020
289000,157,1152,state,Pennsylvania,ALBION CORRECTIONAL FACILITY,2020-09-09,2205.0,2231.0,,,,41.87872712,-80.36314055,42049,,,,,158,1.0,09/09/2020,,37,2020
289001,158,1152,state,Pennsylvania,ALBION CORRECTIONAL FACILITY,2020-09-10,2205.0,2231.0,,,,41.87872712,-80.36314055,42049,,,,,159,1.0,09/10/2020,,37,2020
289002,159,1152,state,Pennsylvania,ALBION CORRECTIONAL FACILITY,2020-09-11,2205.0,2231.0,,,,41.87872712,-80.36314055,42049,,,,,160,1.0,09/11/2020,,37,2020
289003,160,1152,state,Pennsylvania,ALBION CORRECTIONAL FACILITY,2020-09-12,2205.0,2231.0,,,,41.87872712,-80.36314055,42049,,,,,161,1.0,09/12/2020,,37,2020
289004,161,1152,state,Pennsylvania,ALBION CORRECTIONAL FACILITY,2020-09-13,2205.0,2231.0,,,,41.87872712,-80.36314055,42049,,,,,162,1.0,09/13/2020,,37,2020
289005,162,1152,state,Pennsylvania,ALBION CORRECTIONAL FACILITY,2020-09-14,2205.0,2231.0,,,,41.87872712,-80.36314055,42049,,,,,163,1.0,09/14/2020,,38,2020
289006,163,1152,state,Pennsylvania,ALBION CORRECTIONAL FACILITY,2020-09-15,2205.0,2231.0,,,,41.87872712,-80.36314055,42049,,,,,164,1.0,09/15/2020,,38,2020
289007,164,1152,state,Pennsylvania,ALBION CORRECTIONAL FACILITY,2020-09-16,2205.0,2231.0,,,,41.87872712,-80.36314055,42049,,,,,165,1.0,09/16/2020,,38,2020
289008,165,1152,state,Pennsylvania,ALBION CORRECTIONAL FACILITY,2020-09-18,2205.0,2231.0,,,,41.87872712,-80.36314055,42049,,,,,167,2.0,09/18/2020,,38,2020
289009,166,1152,state,Pennsylvania,ALBION CORRECTIONAL FACILITY,2020-09-20,2205.0,2231.0,,,,41.87872712,-80.36314055,42049,,,,,169,2.0,09/20/2020,,38,2020
289010,167,1152,state,Pennsylvania,ALBION CORRECTIONAL FACILITY,2020-09-23,2205.0,2231.0,,,,41.87872712,-80.36314055,42049,,,,,172,3.0,09/23/2020,,39,2020
289011,168,1152,state,Pennsylvania,ALBION CORRECTIONAL FACILITY,2020-09-25,2205.0,2231.0,,,,41.87872712,-80.36314055,42049,,,,,174,2.0,09/25/2020,,39,2020
289012,169,1152,state,Pennsylvania,ALBION CORRECTIONAL FACILITY,2020-09-29,2205.0,2210.0,,,,41.87872712,-80.36314055,42049,,,,,178,4.0,09/29/2020,,40,2020
289013,170,1152,state,Pennsylvania,ALBION CORRECTIONAL FACILITY,2020-10-01,2205.0,2207.0,,,,41.87872712,-80.36314055,42049,,,,,180,2.0,10/01/2020,,40,2020
289014,171,1152,state,Pennsylvania,ALBION CORRECTIONAL FACILITY,2020-10-03,2205.0,2206.0,,,,41.87872712,-80.36314055,42049,,,,,182,2.0,10/03/2020,,40,2020
289015,172,1152,state,Pennsylvania,ALBION CORRECTIONAL FACILITY,2020-10-05,2205.0,2206.0,,,,41.87872712,-80.36314055,42049,,,,,184,2.0,10/05/2020,,41,2020
289016,173,1152,state,Pennsylvania,ALBION CORRECTIONAL FACILITY,2020-10-07,2205.0,2203.0,,,,41.87872712,-80.36314055,42049,,,,,186,2.0,10/07/2020,,41,2020
289017,174,1152,state,Pennsylvania,ALBION CORRECTIONAL FACILITY,2020-10-11,2205.0,2209.0,,,,41.87872712,-80.36314055,42049,,,,,190,4.0,10/11/2020,,41,2020
289018,175,1152,state,Pennsylvania,ALBION CORRECTIONAL FACILITY,2020-10-12,2205.0,2209.0,,,,41.87872712,-80.36314055,42049,,,,,191,1.0,10/12/2020,,42,2020
289019,176,1152,state,Pennsylvania,ALBION CORRECTIONAL FACILITY,2020-10-14,2205.0,2208.0,,,,41.87872712,-80.36314055,42049,,,,,193,2.0,10/14/2020,,42,2020
289020,177,1152,state,Pennsylvania,ALBION CORRECTIONAL FACILITY,2020-10-15,2205.0,2211.0,,,,41.87872712,-80.36314055,42049,,,,,194,1.0,10/15/2020,,42,2020
289021,178,1152,state,Pennsylvania,ALBION CORRECTIONAL FACILITY,2020-10-18,2205.0,2203.0,,,,41.87872712,-80.36314055,42049,,,,,197,3.0,10/18/2020,,42,2020
289022,179,1152,state,Pennsylvania,ALBION CORRECTIONAL FACILITY,2020-10-19,2205.0,2203.0,,,,41.87872712,-80.36314055,42049,,,,,198,1.0,10/19/2020,,43,2020
289023,180,1152,state,Pennsylvania,ALBION CORRECTIONAL FACILITY,2020-10-20,2205.0,2199.0,,,,41.87872712,-80.36314055,42049,,,,,199,1.0,10/20/2020,,43,2020
289024,181,1152,state,Pennsylvania,ALBION CORRECTIONAL FACILITY,2020-10-21,2205.0,2199.0,,,,41.87872712,-80.36314055,42049,,,,,200,1.0,10/21/2020,,43,2020
289025,182,1152,state,Pennsylvania,ALBION CORRECTIONAL FACILITY,2020-10-23,2205.0,2199.0,,,,41.87872712,-80.36314055,42049,,,,,202,2.0,10/23/2020,,43,2020
289026,183,1152,state,Pennsylvania,ALBION CORRECTIONAL FACILITY,2020-10-26,2205.0,2191.0,,,,41.87872712,-80.36314055,42049,,,,,205,3.0,10/26/2020,,44,2020
289027,184,1152,state,Pennsylvania,ALBION CORRECTIONAL FACILITY,2020-10-27,2205.0,2186.0,,,,41.87872712,-80.36314055,42049,,,,,206,1.0,10/27/2020,,44,2020
289028,185,1152,state,Pennsylvania,ALBION CORRECTIONAL FACILITY,2020-10-28,2205.0,2184.0,,,,41.87872712,-80.36314055,42049,,,,,207,1.0,10/28/2020,,44,2020
289029,186,1152,state,Pennsylvania,ALBION CORRECTIONAL FACILITY,2020-10-29,2205.0,2180.0,,,,41.87872712,-80.36314055,42049,,,,,208,1.0,10/29/2020,,44,2020
289030,187,1152,state,Pennsylvania,ALBION CORRECTIONAL FACILITY,2020-10-30,2205.0,2180.0,,,,41.87872712,-80.36314055,42049,,,,,209,1.0,10/30/2020,,44,2020
289031,188,1152,state,Pennsylvania,ALBION CORRECTIONAL FACILITY,2020-11-02,2205.0,2180.0,,,,41.87872712,-80.36314055,42049,,,,,212,3.0,11/02/2020,,45,2020
289032,189,1152,state,Pennsylvania,ALBION CORRECTIONAL FACILITY,2020-11-03,2205.0,2172.0,,,,41.87872712,-80.36314055,42049,,,,,213,1.0,11/03/2020,,45,2020
289033,190,1152,state,Pennsylvania,ALBION CORRECTIONAL FACILITY,2020-11-04,2205.0,2172.0,,,,41.87872712,-80.36314055,42049,,,,,214,1.0,11/04/2020,,45,2020
289034,191,1152,state,Pennsylvania,ALBION CORRECTIONAL FACILITY,2020-11-05,2205.0,2172.0,,,,41.87872712,-80.36314055,42049,,,,,215,1.0,11/05/2020,,45,2020
289035,192,1152,state,Pennsylvania,ALBION CORRECTIONAL FACILITY,2020-11-10,2205.0,2200.0,,,,41.87872712,-80.36314055,42049,,,,,220,5.0,11/10/2020,,46,2020
289036,193,1152,state,Pennsylvania,ALBION CORRECTIONAL FACILITY,2020-11-12,2205.0,2215.0,,,,41.87872712,-80.36314055,42049,,,,,222,2.0,11/12/2020,,46,2020
289037,194,1152,state,Pennsylvania,ALBION CORRECTIONAL FACILITY,2020-11-14,2205.0,2204.0,,,,41.87872712,-80.36314055,42049,,,,,224,2.0,11/14/2020,,46,2020
289038,195,1152,state,Pennsylvania,ALBION CORRECTIONAL FACILITY,2020-11-16,2205.0,2202.0,,,,41.87872712,-80.36314055,42049,,,,,226,2.0,11/16/2020,,47,2020
289039,196,1152,state,Pennsylvania,ALBION CORRECTIONAL FACILITY,2020-11-18,2205.0,2202.0,,,,41.87872712,-80.36314055,42049,,,,,228,2.0,11/18/2020,,47,2020
289040,197,1152,state,Pennsylvania,ALBION CORRECTIONAL FACILITY,2020-11-20,2205.0,2199.0,,,,41.87872712,-80.36314055,42049,,,,,230,2.0,11/20/2020,,47,2020
289041,198,1152,state,Pennsylvania,ALBION CORRECTIONAL FACILITY,2020-11-22,2205.0,2199.0,,,,41.87872712,-80.36314055,42049,,,,,232,2.0,11/22/2020,,47,2020
289042,199,1152,state,Pennsylvania,ALBION CORRECTIONAL FACILITY,2020-11-23,2205.0,2198.0,,,,41.87872712,-80.36314055,42049,,,,,233,1.0,11/23/2020,,48,2020
289043,200,1152,state,Pennsylvania,ALBION CORRECTIONAL FACILITY,2020-11-26,2205.0,2194.0,,,,41.87872712,-80.36314055,42049,,,,,236,3.0,11/26/2020,,48,2020
289044,201,1152,state,Pennsylvania,ALBION CORRECTIONAL FACILITY,2020-11-29,2205.0,2194.0,,,,41.87872712,-80.36314055,42049,,,,,239,3.0,11/29/2020,,48,2020
289045,202,1152,state,Pennsylvania,ALBION CORRECTIONAL FACILITY,2020-11-30,2205.0,2208.0,,,,41.87872712,-80.36314055,42049,,,,,240,1.0,11/30/2020,,49,2020
289046,203,1152,state,Pennsylvania,ALBION CORRECTIONAL FACILITY,2020-12-02,2205.0,2194.0,,,,41.87872712,-80.36314055,42049,,,,,242,2.0,12/02/2020,,49,2020
289047,204,1152,state,Pennsylvania,ALBION CORRECTIONAL FACILITY,2020-12-04,2205.0,2183.0,,,,41.87872712,-80.36314055,42049,,,,,244,2.0,12/04/2020,,49,2020
289048,205,1152,state,Pennsylvania,ALBION CORRECTIONAL FACILITY,2020-12-06,2205.0,2183.0,,,,41.87872712,-80.36314055,42049,,,,,246,2.0,12/06/2020,,49,2020
289049,206,1152,state,Pennsylvania,ALBION CORRECTIONAL FACILITY,2020-12-07,2205.0,2182.0,,,,41.87872712,-80.36314055,42049,,,,,247,1.0,12/07/2020,,50,2020
289050,207,1152,state,Pennsylvania,ALBION CORRECTIONAL FACILITY,2020-12-09,2205.0,2198.0,,,,41.87872712,-80.36314055,42049,,,,,249,2.0,12/09/2020,,50,2020
289051,208,1152,state,Pennsylvania,ALBION CORRECTIONAL FACILITY,2020-12-13,2205.0,2192.0,,,,41.87872712,-80.36314055,42049,,,,,253,4.0,12/13/2020,,50,2020
289052,209,1152,state,Pennsylvania,ALBION CORRECTIONAL FACILITY,2020-12-14,2205.0,2191.0,,,,41.87872712,-80.36314055,42049,,,,,254,1.0,12/14/2020,,51,2020
289053,210,1152,state,Pennsylvania,ALBION CORRECTIONAL FACILITY,2020-12-16,2205.0,2182.0,,,,41.87872712,-80.36314055,42049,,,,,256,2.0,12/16/2020,,51,2020
289054,211,1152,state,Pennsylvania,ALBION CORRECTIONAL FACILITY,2020-12-18,2205.0,2172.0,,,,41.87872712,-80.36314055,42049,,,,,258,2.0,12/18/2020,,51,2020
289055,212,1152,state,Pennsylvania,ALBION CORRECTIONAL FACILITY,2020-12-21,2205.0,2181.0,,,,41.87872712,-80.36314055,42049,,,,,261,3.0,12/21/2020,,52,2020
289056,213,1152,state,Pennsylvania,ALBION CORRECTIONAL FACILITY,2020-12-22,2205.0,2181.0,,,,41.87872712,-80.36314055,42049,,,,,262,1.0,12/22/2020,,52,2020
289057,214,1152,state,Pennsylvania,ALBION CORRECTIONAL FACILITY,2020-12-23,2205.0,2179.0,,,,41.87872712,-80.36314055,42049,,,,,263,1.0,12/23/2020,,52,2020
289058,215,1152,state,Pennsylvania,ALBION CORRECTIONAL FACILITY,2020-12-25,2205.0,2179.0,,,,41.87872712,-80.36314055,42049,,,,,265,2.0,12/25/2020,,52,2020
289059,216,1152,state,Pennsylvania,ALBION CORRECTIONAL FACILITY,2020-12-27,2205.0,2179.0,,,,41.87872712,-80.36314055,42049,,,,,267,2.0,12/27/2020,,52,2020
289060,217,1152,state,Pennsylvania,ALBION CORRECTIONAL FACILITY,2020-12-28,2205.0,2173.0,,,,41.87872712,-80.36314055,42049,,,,,268,1.0,12/28/2020,,53,2020
289061,218,1152,state,Pennsylvania,ALBION CORRECTIONAL FACILITY,2020-12-29,2205.0,2173.0,,,,41.87872712,-80.36314055,42049,,,,,269,1.0,12/29/2020,,53,2020
289062,219,1152,state,Pennsylvania,ALBION CORRECTIONAL FACILITY,2020-12-30,2205.0,2171.0,,,,41.87872712,-80.36314055,42049,,,,,270,1.0,12/30/2020,,53,2020
289063,220,1152,state,Pennsylvania,ALBION CORRECTIONAL FACILITY,2021-01-01,2205.0,2179.0,,,,41.87872712,-80.36314055,42049,,,,,272,2.0,01/01/2021,,53,2021
289064,221,1152,state,Pennsylvania,ALBION CORRECTIONAL FACILITY,2021-01-03,2205.0,2179.0,,,,41.87872712,-80.36314055,42049,,,,,274,2.0,01/03/2021,,53,2021
289065,222,1152,state,Pennsylvania,ALBION CORRECTIONAL FACILITY,2021-01-04,2205.0,2175.0,,,,41.87872712,-80.36314055,42049,,,,,275,1.0,01/04/2021,,1,2021
289066,223,1152,state,Pennsylvania,ALBION CORRECTIONAL FACILITY,2021-01-05,2205.0,2175.0,,,,41.87872712,-80.36314055,42049,,,,,276,1.0,01/05/2021,,1,2021
289067,224,1152,state,Pennsylvania,ALBION CORRECTIONAL FACILITY,2021-01-06,2205.0,2174.0,,,,41.87872712,-80.36314055,42049,,,,,277,1.0,01/06/2021,,1,2021
289068,225,1152,state,Pennsylvania,ALBION CORRECTIONAL FACILITY,2021-01-08,2205.0,2172.0,,,,41.87872712,-80.36314055,42049,,,,,279,2.0,01/08/2021,,1,2021
289069,226,1152,state,Pennsylvania,ALBION CORRECTIONAL FACILITY,2021-01-11,2205.0,2170.0,,,,41.87872712,-80.36314055,42049,,,,,282,3.0,01/11/2021,,2,2021
289070,227,1152,state,Pennsylvania,ALBION CORRECTIONAL FACILITY,2021-01-13,2205.0,2165.0,,,,41.87872712,-80.36314055,42049,,,,,284,2.0,01/13/2021,,2,2021
289071,228,1152,state,Pennsylvania,ALBION CORRECTIONAL FACILITY,2021-01-15,2205.0,2161.0,,,,41.87872712,-80.36314055,42049,,,,,286,2.0,01/15/2021,,2,2021
289072,229,1152,state,Pennsylvania,ALBION CORRECTIONAL FACILITY,2021-01-17,2205.0,2161.0,,,,41.87872712,-80.36314055,42049,,,,,288,2.0,01/17/2021,,2,2021
289073,230,1152,state,Pennsylvania,ALBION CORRECTIONAL FACILITY,2021-01-18,2205.0,2161.0,,,,41.87872712,-80.36314055,42049,,,,,289,1.0,01/18/2021,,3,2021
289074,231,1152,state,Pennsylvania,ALBION CORRECTIONAL FACILITY,2021-01-20,2205.0,2160.0,,,,41.87872712,-80.36314055,42049,,,,,291,2.0,01/20/2021,,3,2021
289075,232,1152,state,Pennsylvania,ALBION CORRECTIONAL FACILITY,2021-01-22,2205.0,2153.0,,,,41.87872712,-80.36314055,42049,,,,,293,2.0,01/22/2021,,3,2021
289076,233,1152,state,Pennsylvania,ALBION CORRECTIONAL FACILITY,2021-01-25,2205.0,2154.0,,,,41.87872712,-80.36314055,42049,,,,,296,3.0,01/25/2021,,4,2021
289077,234,1152,state,Pennsylvania,ALBION CORRECTIONAL FACILITY,2021-01-27,2205.0,2153.0,,,,41.87872712,-80.36314055,42049,,,,,298,2.0,01/27/2021,,4,2021
289078,235,1152,state,Pennsylvania,ALBION CORRECTIONAL FACILITY,2021-02-01,2205.0,2143.0,,,,41.87872712,-80.36314055,42049,,,,,303,5.0,02/01/2021,,5,2021
289079,236,1152,state,Pennsylvania,ALBION CORRECTIONAL FACILITY,2021-02-03,2205.0,2141.0,,,,41.87872712,-80.36314055,42049,,,,,305,2.0,02/03/2021,,5,2021
289080,237,1152,state,Pennsylvania,ALBION CORRECTIONAL FACILITY,2021-02-05,2205.0,2156.0,,,,41.87872712,-80.36314055,42049,,,,,307,2.0,02/05/2021,,5,2021
289081,238,1152,state,Pennsylvania,ALBION CORRECTIONAL FACILITY,2021-02-07,2205.0,2156.0,,,,41.87872712,-80.36314055,42049,,,,,309,2.0,02/07/2021,,5,2021
289082,239,1152,state,Pennsylvania,ALBION CORRECTIONAL FACILITY,2021-02-08,2205.0,2159.0,,,,41.87872712,-80.36314055,42049,,,,,310,1.0,02/08/2021,,6,2021
289083,240,1152,state,Pennsylvania,ALBION CORRECTIONAL FACILITY,2021-02-10,2205.0,2163.0,,,,41.87872712,-80.36314055,42049,,,,,312,2.0,02/10/2021,,6,2021
289084,241,1152,state,Pennsylvania,ALBION CORRECTIONAL FACILITY,2021-02-12,2205.0,2156.0,,,,41.87872712,-80.36314055,42049,,,,,314,2.0,02/12/2021,,6,2021
289085,242,1152,state,Pennsylvania,ALBION CORRECTIONAL FACILITY,2021-02-14,2205.0,2156.0,,,,41.87872712,-80.36314055,42049,,,,,316,2.0,02/14/2021,,6,2021
289086,243,1152,state,Pennsylvania,ALBION CORRECTIONAL FACILITY,2021-02-15,2205.0,2156.0,,,,41.87872712,-80.36314055,42049,,,,,317,1.0,02/15/2021,,7,2021
289087,244,1152,state,Pennsylvania,ALBION CORRECTIONAL FACILITY,2021-02-17,2205.0,2152.0,,,,41.87872712,-80.36314055,42049,,,,,319,2.0,02/17/2021,,7,2021
289088,245,1152,state,Pennsylvania,ALBION CORRECTIONAL FACILITY,2021-02-19,2205.0,2157.0,,,,41.87872712,-80.36314055,42049,,,,,321,2.0,02/19/2021,,7,2021
289089,246,1152,state,Pennsylvania,ALBION CORRECTIONAL FACILITY,2021-02-22,2205.0,2157.0,,,,41.87872712,-80.36314055,42049,,,,,324,3.0,02/22/2021,,8,2021
289090,247,1152,state,Pennsylvania,ALBION CORRECTIONAL FACILITY,2021-02-23,2205.0,2156.0,,,,41.87872712,-80.36314055,42049,,,,,325,1.0,02/23/2021,,8,2021
289091,248,1152,state,Pennsylvania,ALBION CORRECTIONAL FACILITY,2021-02-24,2205.0,2159.0,,,,41.87872712,-80.36314055,42049,,,,,326,1.0,02/24/2021,,8,2021
289092,249,1152,state,Pennsylvania,ALBION CORRECTIONAL FACILITY,2021-02-26,2205.0,2157.0,,,,41.87872712,-80.36314055,42049,,,,,328,2.0,02/26/2021,,8,2021
289093,250,1152,state,Pennsylvania,ALBION CORRECTIONAL FACILITY,2021-02-28,2205.0,2158.0,,,,41.87872712,-80.36314055,42049,,,,,330,2.0,02/28/2021,,8,2021
289094,251,1152,state,Pennsylvania,ALBION CORRECTIONAL FACILITY,2021-03-01,2205.0,2158.0,,,,41.87872712,-80.36314055,42049,,,,,331,1.0,03/01/2021,,9,2021
289095,252,1152,state,Pennsylvania,ALBION CORRECTIONAL FACILITY,2021-03-03,2205.0,2155.0,,,,41.87872712,-80.36314055,42049,,,,,333,2.0,03/03/2021,,9,2021
289096,253,1152,state,Pennsylvania,ALBION CORRECTIONAL FACILITY,2021-03-05,2205.0,2145.0,,,,41.87872712,-80.36314055,42049,,,,,335,2.0,03/05/2021,,9,2021
289097,254,1152,state,Pennsylvania,ALBION CORRECTIONAL FACILITY,2021-03-07,2205.0,2141.0,,,,41.87872712,-80.36314055,42049,,,,,337,2.0,03/07/2021,,9,2021
289098,255,1152,state,Pennsylvania,ALBION CORRECTIONAL FACILITY,2021-03-08,2205.0,2141.0,,,,41.87872712,-80.36314055,42049,,,,,338,1.0,03/08/2021,,10,2021
289099,256,1152,state,Pennsylvania,ALBION CORRECTIONAL FACILITY,2021-03-10,2205.0,2139.0,,,,41.87872712,-80.36314055,42049,,,,,340,2.0,03/10/2021,,10,2021
289100,257,1152,state,Pennsylvania,ALBION CORRECTIONAL FACILITY,2021-03-12,2205.0,2133.0,,,,41.87872712,-80.36314055,42049,,,,,342,2.0,03/12/2021,,10,2021
289101,258,1152,state,Pennsylvania,ALBION CORRECTIONAL FACILITY,2021-03-14,2205.0,2130.0,,,,41.87872712,-80.36314055,42049,,,,,344,2.0,03/14/2021,,10,2021
289102,259,1152,state,Pennsylvania,ALBION CORRECTIONAL FACILITY,2021-03-15,2205.0,2127.0,,,,41.87872712,-80.36314055,42049,,,,,345,1.0,03/15/2021,,11,2021
289103,260,1152,state,Pennsylvania,ALBION CORRECTIONAL FACILITY,2021-03-17,2205.0,2126.0,,,,41.87872712,-80.36314055,42049,,,,,347,2.0,03/17/2021,,11,2021
289104,261,1152,state,Pennsylvania,ALBION CORRECTIONAL FACILITY,2021-03-19,2205.0,2123.0,,,,41.87872712,-80.36314055,42049,,,,,349,2.0,03/19/2021,,11,2021
289105,262,1152,state,Pennsylvania,ALBION CORRECTIONAL FACILITY,2021-03-21,2205.0,2123.0,,,,41.87872712,-80.36314055,42049,,,,,351,2.0,03/21/2021,,11,2021
289106,263,1152,state,Pennsylvania,ALBION CORRECTIONAL FACILITY,2021-03-22,2205.0,2120.0,,,,41.87872712,-80.36314055,42049,,,,,352,1.0,03/22/2021,,12,2021
289107,264,1152,state,Pennsylvania,ALBION CORRECTIONAL FACILITY,2021-03-24,2205.0,2120.0,,,,41.87872712,-80.36314055,42049,,,,,354,2.0,03/24/2021,,12,2021
289108,265,1152,state,Pennsylvania,ALBION CORRECTIONAL FACILITY,2021-03-26,2205.0,2123.0,,,,41.87872712,-80.36314055,42049,,,,,356,2.0,03/26/2021,,12,2021
289109,266,1152,state,Pennsylvania,ALBION CORRECTIONAL FACILITY,2021-03-28,2205.0,2121.0,,,,41.87872712,-80.36314055,42049,,,,,358,2.0,03/28/2021,,12,2021
289110,267,1152,state,Pennsylvania,ALBION CORRECTIONAL FACILITY,2021-03-29,2205.0,2119.0,,,,41.87872712,-80.36314055,42049,,,,,359,1.0,03/29/2021,,13,2021
289111,268,1152,state,Pennsylvania,ALBION CORRECTIONAL FACILITY,2021-03-31,2205.0,2128.0,,,,41.87872712,-80.36314055,42049,,,,,361,2.0,03/31/2021,,13,2021
289112,269,1152,state,Pennsylvania,ALBION CORRECTIONAL FACILITY,2021-04-02,2205.0,2125.0,,,,41.87872712,-80.36314055,42049,,,,,363,2.0,04/02/2021,,13,2021
289113,270,1152,state,Pennsylvania,ALBION CORRECTIONAL FACILITY,2021-04-04,2205.0,2125.0,,,,41.87872712,-80.36314055,42049,,,,,365,2.0,04/04/2021,,13,2021
289114,271,1152,state,Pennsylvania,ALBION CORRECTIONAL FACILITY,2021-04-05,2205.0,2124.0,,,,41.87872712,-80.36314055,42049,,,,,366,1.0,04/05/2021,,14,2021
289115,272,1152,state,Pennsylvania,ALBION CORRECTIONAL FACILITY,2021-04-07,2205.0,2146.0,,,,41.87872712,-80.36314055,42049,,,,,368,2.0,04/07/2021,,14,2021
289116,273,1152,state,Pennsylvania,ALBION CORRECTIONAL FACILITY,2021-04-09,2205.0,2132.0,,,,41.87872712,-80.36314055,42049,,,,,370,2.0,04/09/2021,,14,2021
289117,274,1152,state,Pennsylvania,ALBION CORRECTIONAL FACILITY,2021-04-11,2205.0,2128.0,,,,41.87872712,-80.36314055,42049,,,,,372,2.0,04/11/2021,,14,2021
289118,275,1152,state,Pennsylvania,ALBION CORRECTIONAL FACILITY,2021-04-12,2205.0,2128.0,,,,41.87872712,-80.36314055,42049,,,,,373,1.0,04/12/2021,,15,2021
289119,276,1152,state,Pennsylvania,ALBION CORRECTIONAL FACILITY,2021-04-16,2205.0,2118.0,,,,41.87872712,-80.36314055,42049,,,,,377,4.0,04/16/2021,,15,2021
289120,277,1152,state,Pennsylvania,ALBION CORRECTIONAL FACILITY,2021-04-18,2205.0,2121.0,,,,41.87872712,-80.36314055,42049,,,,,379,2.0,04/18/2021,,15,2021
289121,278,1152,state,Pennsylvania,ALBION CORRECTIONAL FACILITY,2021-04-19,2205.0,2117.0,,,,41.87872712,-80.36314055,42049,,,,,380,1.0,04/19/2021,,16,2021
289122,279,1152,state,Pennsylvania,ALBION CORRECTIONAL FACILITY,2021-04-21,2205.0,2117.0,,,,41.87872712,-80.36314055,42049,,,,,382,2.0,04/21/2021,,16,2021
289123,280,1152,state,Pennsylvania,ALBION CORRECTIONAL FACILITY,2021-04-23,2205.0,2119.0,,,,41.87872712,-80.36314055,42049,,,,,384,2.0,04/23/2021,,16,2021
289124,281,1152,state,Pennsylvania,ALBION CORRECTIONAL FACILITY,2021-04-26,2205.0,2130.0,1235.0,1235.0,,41.87872712,-80.36314055,42049,0.57981220657277,0.57981220657277,0.57981220657277,0.57981220657277,387,3.0,04/26/2021,0.57981220657277,17,2021
289125,282,1152,state,Pennsylvania,ALBION CORRECTIONAL FACILITY,2021-04-28,2205.0,2137.0,1241.0,1241.0,,41.87872712,-80.36314055,42049,0.5807206364061769,0.5807206364061769,0.5807206364061769,0.5807206364061769,389,2.0,04/28/2021,0.5807206364061769,17,2021
289126,283,1152,state,Pennsylvania,ALBION CORRECTIONAL FACILITY,2021-04-30,2205.0,2131.0,1240.0,1240.0,,41.87872712,-80.36314055,42049,0.5818864382918817,0.5818864382918817,0.5818864382918817,0.5818864382918817,391,2.0,04/30/2021,0.5818864382918817,17,2021
289127,284,1152,state,Pennsylvania,ALBION CORRECTIONAL FACILITY,2021-05-02,2205.0,2131.0,1240.0,1240.0,,41.87872712,-80.36314055,42049,0.5818864382918817,0.5818864382918817,0.5818864382918817,0.5818864382918817,393,2.0,05/02/2021,0.5818864382918817,17,2021
289128,285,1152,state,Pennsylvania,ALBION CORRECTIONAL FACILITY,2021-05-05,2205.0,2140.0,1240.0,1239.0,,41.87872712,-80.36314055,42049,0.5794392523364486,0.5789719626168224,,,396,3.0,05/05/2021,,18,2021
289129,286,1152,state,Pennsylvania,ALBION CORRECTIONAL FACILITY,2021-05-07,2205.0,2141.0,1517.0,1516.0,,41.87872712,-80.36314055,42049,0.7085474077533863,0.7080803362914526,0.7085474077533863,0.7080803362914526,398,2.0,05/07/2021,0.7085474077533863,18,2021
289130,287,1152,state,Pennsylvania,ALBION CORRECTIONAL FACILITY,2021-05-09,2205.0,2147.0,1564.0,1562.0,,41.87872712,-80.36314055,42049,0.7284583139264089,0.7275267815556591,0.7284583139264089,0.7275267815556591,400,2.0,05/09/2021,0.7284583139264089,18,2021
289131,288,1152,state,Pennsylvania,ALBION CORRECTIONAL FACILITY,2021-05-10,2205.0,2140.0,,,,41.87872712,-80.36314055,42049,,,,,401,1.0,05/10/2021,,19,2021
289132,289,1152,state,Pennsylvania,ALBION CORRECTIONAL FACILITY,2021-05-12,2205.0,2140.0,1592.0,1590.0,,41.87872712,-80.36314055,42049,0.7439252336448599,0.7429906542056075,0.7439252336448599,0.7429906542056075,403,2.0,05/12/2021,0.7439252336448599,19,2021
289133,290,1152,state,Pennsylvania,ALBION CORRECTIONAL FACILITY,2021-05-14,2205.0,2135.0,1626.0,1624.0,,41.87872712,-80.36314055,42049,0.761592505854801,0.760655737704918,0.761592505854801,0.760655737704918,405,2.0,05/14/2021,0.761592505854801,19,2021
289134,291,1152,state,Pennsylvania,ALBION CORRECTIONAL FACILITY,2021-05-17,2205.0,2135.0,1673.0,1671.0,,41.87872712,-80.36314055,42049,0.7836065573770492,0.7826697892271662,0.7836065573770492,0.7826697892271662,408,3.0,05/17/2021,0.7836065573770492,20,2021
289135,292,1152,state,Pennsylvania,ALBION CORRECTIONAL FACILITY,2021-05-19,2205.0,2133.0,1706.0,1704.0,,41.87872712,-80.36314055,42049,0.7998124706985467,0.7988748241912799,0.7998124706985467,0.7988748241912799,410,2.0,05/19/2021,0.7998124706985467,20,2021
289136,293,1152,state,Pennsylvania,ALBION CORRECTIONAL FACILITY,2021-05-21,2205.0,2141.0,1707.0,1705.0,,41.87872712,-80.36314055,42049,0.7972909855207847,0.7963568425969173,,,412,2.0,05/21/2021,,20,2021
289137,294,1152,state,Pennsylvania,ALBION CORRECTIONAL FACILITY,2021-05-23,2205.0,2141.0,,,,41.87872712,-80.36314055,42049,,,,,414,2.0,05/23/2021,,20,2021
289138,295,1152,state,Pennsylvania,ALBION CORRECTIONAL FACILITY,2021-05-24,2205.0,2139.0,1720.0,1718.0,,41.87872712,-80.36314055,42049,0.80411407199626,0.8031790556334736,0.80411407199626,0.8031790556334736,415,1.0,05/24/2021,0.80411407199626,21,2021
289139,296,1152,state,Pennsylvania,ALBION CORRECTIONAL FACILITY,2021-05-26,2205.0,2139.0,1720.0,1718.0,,41.87872712,-80.36314055,42049,0.80411407199626,0.8031790556334736,0.80411407199626,0.8031790556334736,417,2.0,05/26/2021,0.80411407199626,21,2021
289140,297,1152,state,Pennsylvania,ALBION CORRECTIONAL FACILITY,2021-05-31,2205.0,2137.0,1736.0,1734.0,,41.87872712,-80.36314055,42049,0.8123537669630323,0.811417875526439,0.8123537669630323,0.811417875526439,422,5.0,05/31/2021,0.8123537669630323,22,2021
289141,298,1152,state,Pennsylvania,ALBION CORRECTIONAL FACILITY,2021-06-02,2205.0,2137.0,1735.0,1733.0,,41.87872712,-80.36314055,42049,0.8118858212447356,0.8109499298081423,,,424,2.0,06/02/2021,,22,2021
289142,299,1152,state,Pennsylvania,ALBION CORRECTIONAL FACILITY,2021-06-04,2205.0,2148.0,1741.0,1738.0,,41.87872712,-80.36314055,42049,0.8105214152700186,0.8091247672253259,,,426,2.0,06/04/2021,,22,2021
289143,300,1152,state,Pennsylvania,ALBION CORRECTIONAL FACILITY,2021-06-09,2205.0,2144.0,1748.0,1745.0,,41.87872712,-80.36314055,42049,0.8152985074626866,0.8138992537313433,0.8152985074626866,0.8138992537313433,431,5.0,06/09/2021,0.8152985074626866,23,2021
289144,301,1152,state,Pennsylvania,ALBION CORRECTIONAL FACILITY,2021-06-11,2205.0,2160.0,1807.0,1804.0,,41.87872712,-80.36314055,42049,0.836574074074074,0.8351851851851851,0.836574074074074,0.8351851851851851,433,2.0,06/11/2021,0.836574074074074,23,2021
289145,302,1152,state,Pennsylvania,ALBION CORRECTIONAL FACILITY,2021-06-14,2205.0,2165.0,1817.0,1814.0,,41.87872712,-80.36314055,42049,0.8392609699769054,0.8378752886836027,0.8392609699769054,0.8378752886836027,436,3.0,06/14/2021,0.8392609699769054,24,2021
289146,303,1152,state,Pennsylvania,ALBION CORRECTIONAL FACILITY,2021-06-18,2205.0,2162.0,1821.0,1820.0,,41.87872712,-80.36314055,42049,0.8422756706753006,0.8418131359851989,0.8422756706753006,0.8418131359851989,440,4.0,06/18/2021,0.8422756706753006,24,2021
289147,304,1152,state,Pennsylvania,ALBION CORRECTIONAL FACILITY,2021-06-21,2205.0,2162.0,1820.0,1819.0,,41.87872712,-80.36314055,42049,0.8418131359851989,0.8413506012950971,,,443,3.0,06/21/2021,,25,2021
289148,305,1152,state,Pennsylvania,ALBION CORRECTIONAL FACILITY,2021-06-24,2205.0,2169.0,1824.0,1822.0,,41.87872712,-80.36314055,42049,0.8409405255878285,0.8400184416781927,,,446,3.0,06/24/2021,,25,2021
289149,306,1152,state,Pennsylvania,ALBION CORRECTIONAL FACILITY,2021-06-25,2205.0,2165.0,1823.0,1822.0,,41.87872712,-80.36314055,42049,0.8420323325635104,0.8415704387990762,,,447,1.0,06/25/2021,,25,2021
289150,307,1152,state,Pennsylvania,ALBION CORRECTIONAL FACILITY,2021-06-28,2205.0,2165.0,1824.0,1823.0,,41.87872712,-80.36314055,42049,0.8424942263279446,0.8420323325635104,0.8424942263279446,0.8420323325635104,450,3.0,06/28/2021,0.8424942263279446,26,2021
289151,308,1152,state,Pennsylvania,ALBION CORRECTIONAL FACILITY,2021-07-02,2205.0,2163.0,1823.0,1821.0,,41.87872712,-80.36314055,42049,0.8428109107720758,0.841886269070735,0.8428109107720758,,454,4.0,07/02/2021,0.8428109107720758,26,2021
289152,309,1152,state,Pennsylvania,ALBION CORRECTIONAL FACILITY,2021-07-06,2205.0,2167.0,1824.0,1822.0,,41.87872712,-80.36314055,42049,0.8417166589755423,0.840793724042455,,,458,4.0,07/06/2021,,27,2021
289153,310,1152,state,Pennsylvania,ALBION CORRECTIONAL FACILITY,2021-07-09,2205.0,2158.0,1818.0,1816.0,,41.87872712,-80.36314055,42049,0.8424467099165894,0.8415199258572753,,,461,3.0,07/09/2021,,27,2021
289154,311,1152,state,Pennsylvania,ALBION CORRECTIONAL FACILITY,2021-07-12,2205.0,2158.0,1827.0,1825.0,,41.87872712,-80.36314055,42049,0.8466172381835032,0.8456904541241891,0.8466172381835032,0.8456904541241891,464,3.0,07/12/2021,0.8466172381835032,28,2021
289155,312,1152,state,Pennsylvania,ALBION CORRECTIONAL FACILITY,2021-07-16,2205.0,2141.0,1810.0,1808.0,,41.87872712,-80.36314055,42049,0.8453993460999533,0.844465203176086,,,468,4.0,07/16/2021,,28,2021
289156,313,1152,state,Pennsylvania,ALBION CORRECTIONAL FACILITY,2021-07-20,2205.0,2139.0,1807.0,1805.0,,41.87872712,-80.36314055,42049,0.8447872837774661,0.8438522674146798,,,472,4.0,07/20/2021,,29,2021
289157,314,1152,state,Pennsylvania,ALBION CORRECTIONAL FACILITY,2021-07-23,2205.0,2118.0,1791.0,1790.0,,41.87872712,-80.36314055,42049,0.8456090651558074,0.8451369216241738,,,475,3.0,07/23/2021,,29,2021
289158,315,1152,state,Pennsylvania,ALBION CORRECTIONAL FACILITY,2021-07-27,2205.0,2122.0,1788.0,1787.0,,41.87872712,-80.36314055,42049,0.8426013195098964,0.8421300659754948,,,479,4.0,07/27/2021,,30,2021
289159,316,1152,state,Pennsylvania,ALBION CORRECTIONAL FACILITY,2021-07-30,2205.0,2114.0,1786.0,1785.0,,41.87872712,-80.36314055,42049,0.8448438978240302,0.8443708609271523,,,482,3.0,07/30/2021,,30,2021
289160,317,1152,state,Pennsylvania,ALBION CORRECTIONAL FACILITY,2021-08-03,2205.0,2120.0,1791.0,1790.0,,41.87872712,-80.36314055,42049,0.844811320754717,0.8443396226415094,,,486,4.0,08/03/2021,,31,2021
289161,318,1152,state,Pennsylvania,ALBION CORRECTIONAL FACILITY,2021-08-06,2205.0,2115.0,,,,41.87872712,-80.36314055,42049,,,,,489,3.0,08/06/2021,,31,2021
289162,319,1152,state,Pennsylvania,ALBION CORRECTIONAL FACILITY,2021-08-10,2205.0,2103.0,1944.0,1943.0,,41.87872712,-80.36314055,42049,0.9243937232524965,0.9239182120779839,0.9243937232524965,0.9239182120779839,493,4.0,08/10/2021,0.9243937232524965,32,2021
289163,320,1152,state,Pennsylvania,ALBION CORRECTIONAL FACILITY,2021-08-13,2205.0,2097.0,1997.0,1997.0,,41.87872712,-80.36314055,42049,0.9523128278493085,0.9523128278493085,0.9523128278493085,0.9523128278493085,496,3.0,08/13/2021,0.9523128278493085,32,2021
289164,321,1152,state,Pennsylvania,ALBION CORRECTIONAL FACILITY,2021-08-17,2205.0,2096.0,,,,41.87872712,-80.36314055,42049,,,,,500,4.0,08/17/2021,,33,2021
289165,322,1152,state,Pennsylvania,ALBION CORRECTIONAL FACILITY,2021-08-20,2205.0,2097.0,1996.0,1996.0,,41.87872712,-80.36314055,42049,0.9518359561278016,0.9518359561278016,0.9518359561278016,0.9518359561278016,503,3.0,08/20/2021,0.9518359561278016,33,2021
289166,323,1152,state,Pennsylvania,ALBION CORRECTIONAL FACILITY,2021-08-24,2205.0,2094.0,1990.0,1990.0,,41.87872712,-80.36314055,42049,0.9503342884431709,0.9503342884431709,,,507,4.0,08/24/2021,,34,2021
289167,324,1152,state,Pennsylvania,ALBION CORRECTIONAL FACILITY,2021-08-31,2205.0,2093.0,1987.0,1987.0,,41.87872712,-80.36314055,42049,0.9493549928332538,0.9493549928332538,,,514,7.0,08/31/2021,,35,2021
289168,325,1152,state,Pennsylvania,ALBION CORRECTIONAL FACILITY,2021-09-03,2205.0,2089.0,1986.0,1986.0,,41.87872712,-80.36314055,42049,0.9506941120153183,0.9506941120153183,,,517,3.0,09/03/2021,,35,2021
289169,326,1152,state,Pennsylvania,ALBION CORRECTIONAL FACILITY,2021-09-07,2205.0,2089.0,1986.0,1986.0,,41.87872712,-80.36314055,42049,0.9506941120153183,0.9506941120153183,,,521,4.0,09/07/2021,,36,2021
289170,327,1152,state,Pennsylvania,ALBION CORRECTIONAL FACILITY,2021-09-10,2205.0,2090.0,1991.0,1987.0,,41.87872712,-80.36314055,42049,0.9526315789473684,0.9507177033492823,0.9526315789473684,,524,3.0,09/10/2021,0.9526315789473684,36,2021
289171,328,1152,state,Pennsylvania,ALBION CORRECTIONAL FACILITY,2021-09-14,2205.0,2090.0,1992.0,1987.0,,41.87872712,-80.36314055,42049,0.9531100478468899,0.9507177033492823,0.9531100478468899,,528,4.0,09/14/2021,0.9531100478468899,37,2021
289172,329,1152,state,Pennsylvania,ALBION CORRECTIONAL FACILITY,2021-09-17,2205.0,2090.0,1988.0,1979.0,,41.87872712,-80.36314055,42049,0.9511961722488038,0.94688995215311,,,531,3.0,09/17/2021,,37,2021
289173,330,1152,state,Pennsylvania,ALBION CORRECTIONAL FACILITY,2021-09-21,2205.0,2090.0,1987.0,1978.0,,41.87872712,-80.36314055,42049,0.9507177033492823,0.9464114832535885,,,535,4.0,09/21/2021,,38,2021
289174,331,1152,state,Pennsylvania,ALBION CORRECTIONAL FACILITY,2021-09-23,2205.0,2085.0,1980.0,1971.0,,41.87872712,-80.36314055,42049,0.9496402877697842,0.9453237410071943,,,537,2.0,09/23/2021,,38,2021
289175,332,1152,state,Pennsylvania,ALBION CORRECTIONAL FACILITY,2021-09-28,2205.0,2086.0,1982.0,1973.0,,41.87872712,-80.36314055,42049,0.950143815915628,0.9458293384467881,,,542,5.0,09/28/2021,,39,2021
289176,333,1152,state,Pennsylvania,ALBION CORRECTIONAL FACILITY,2021-10-01,2205.0,2086.0,1985.0,1973.0,,41.87872712,-80.36314055,42049,0.951581975071908,0.9458293384467881,,,545,3.0,10/01/2021,,39,2021
289177,334,1152,state,Pennsylvania,ALBION CORRECTIONAL FACILITY,2021-10-05,2205.0,2085.0,1984.0,1971.0,,41.87872712,-80.36314055,42049,0.951558752997602,0.9453237410071943,,,549,4.0,10/05/2021,,40,2021
289178,335,1152,state,Pennsylvania,ALBION CORRECTIONAL FACILITY,2021-10-08,2205.0,2078.0,1975.0,1962.0,,41.87872712,-80.36314055,42049,0.9504331087584216,0.944177093358999,,,552,3.0,10/08/2021,,40,2021
289179,336,1152,state,Pennsylvania,ALBION CORRECTIONAL FACILITY,2021-10-12,2205.0,2085.0,1976.0,1962.0,,41.87872712,-80.36314055,42049,0.9477218225419665,0.9410071942446043,,,556,4.0,10/12/2021,,41,2021
289180,337,1152,state,Pennsylvania,ALBION CORRECTIONAL FACILITY,2021-10-15,2205.0,2070.0,1967.0,1959.0,,41.87872712,-80.36314055,42049,0.9502415458937198,0.946376811594203,,,559,3.0,10/15/2021,,41,2021
289181,338,1152,state,Pennsylvania,ALBION CORRECTIONAL FACILITY,2021-10-19,2205.0,2070.0,1964.0,1955.0,,41.87872712,-80.36314055,42049,0.9487922705314009,0.9444444444444444,,,563,4.0,10/19/2021,,42,2021
289182,339,1152,state,Pennsylvania,ALBION CORRECTIONAL FACILITY,2021-10-20,2205.0,2074.0,,,,41.87872712,-80.36314055,42049,,,,,564,1.0,10/20/2021,,42,2021
289183,340,1152,state,Pennsylvania,ALBION CORRECTIONAL FACILITY,2021-10-22,2205.0,2066.0,1954.0,1945.0,,41.87872712,-80.36314055,42049,0.9457889641819942,0.941432720232333,0.9457889641819942,0.941432720232333,566,2.0,10/22/2021,0.9457889641819942,42,2021
289184,341,1152,state,Pennsylvania,ALBION CORRECTIONAL FACILITY,2021-10-26,2205.0,2067.0,1953.0,1942.0,,41.87872712,-80.36314055,42049,0.9448476052249637,0.9395258829221094,,,570,4.0,10/26/2021,,43,2021
289185,342,1152,state,Pennsylvania,ALBION CORRECTIONAL FACILITY,2021-10-29,2205.0,2060.0,1946.0,1935.0,,41.87872712,-80.36314055,42049,0.9446601941747573,0.9393203883495146,,,573,3.0,10/29/2021,,43,2021
289186,343,1152,state,Pennsylvania,ALBION CORRECTIONAL FACILITY,2021-11-02,2205.0,2060.0,1948.0,1935.0,,41.87872712,-80.36314055,42049,0.945631067961165,0.9393203883495146,,,577,4.0,11/02/2021,,44,2021
289187,344,1152,state,Pennsylvania,ALBION CORRECTIONAL FACILITY,2021-11-08,2205.0,2060.0,,,,41.87872712,-80.36314055,42049,,,,,583,6.0,11/08/2021,,45,2021
289188,345,1152,state,Pennsylvania,ALBION CORRECTIONAL FACILITY,2021-11-12,2205.0,2063.0,1939.0,1927.0,,41.87872712,-80.36314055,42049,0.939893359185652,0.9340765874939408,0.939893359185652,0.9340765874939408,587,4.0,11/12/2021,0.939893359185652,45,2021
289189,346,1152,state,Pennsylvania,ALBION CORRECTIONAL FACILITY,2021-11-16,2205.0,2050.0,,,,41.87872712,-80.36314055,42049,,,,,591,4.0,11/16/2021,,46,2021
289190,347,1152,state,Pennsylvania,ALBION CORRECTIONAL FACILITY,2021-11-19,2205.0,2054.0,,,,41.87872712,-80.36314055,42049,,,,,594,3.0,11/19/2021,,46,2021
289191,348,1152,state,Pennsylvania,ALBION CORRECTIONAL FACILITY,2021-11-23,2205.0,2046.0,,,,41.87872712,-80.36314055,42049,,,,,598,4.0,11/23/2021,,47,2021
289192,349,1152,state,Pennsylvania,ALBION CORRECTIONAL FACILITY,2021-11-29,2205.0,2044.0,,,,41.87872712,-80.36314055,42049,,,,,604,6.0,11/29/2021,,48,2021
289193,350,1152,state,Pennsylvania,ALBION CORRECTIONAL FACILITY,2021-12-03,2205.0,2037.0,,,,41.87872712,-80.36314055,42049,,,,,608,4.0,12/03/2021,,48,2021
289194,351,1152,state,Pennsylvania,ALBION CORRECTIONAL FACILITY,2021-12-07,2205.0,2035.0,,,,41.87872712,-80.36314055,42049,,,,,612,4.0,12/07/2021,,49,2021
289195,352,1152,state,Pennsylvania,ALBION CORRECTIONAL FACILITY,2021-12-10,2205.0,2025.0,,,,41.87872712,-80.36314055,42049,,,,,615,3.0,12/10/2021,,49,2021
289196,353,1152,state,Pennsylvania,ALBION CORRECTIONAL FACILITY,2021-12-14,2205.0,2026.0,,,,41.87872712,-80.36314055,42049,,,,,619,4.0,12/14/2021,,50,2021
289197,354,1152,state,Pennsylvania,ALBION CORRECTIONAL FACILITY,2021-12-17,2205.0,2013.0,,,,41.87872712,-80.36314055,42049,,,,,622,3.0,12/17/2021,,50,2021
289198,355,1152,state,Pennsylvania,ALBION CORRECTIONAL FACILITY,2021-12-21,2205.0,2012.0,,,,41.87872712,-80.36314055,42049,,,,,626,4.0,12/21/2021,,51,2021
289199,356,1152,state,Pennsylvania,ALBION CORRECTIONAL FACILITY,2021-12-27,2205.0,2012.0,,,,41.87872712,-80.36314055,42049,,,,,632,6.0,12/27/2021,,52,2021
289200,357,1152,state,Pennsylvania,ALBION CORRECTIONAL FACILITY,2022-01-04,2205.0,1992.0,,,,41.87872712,-80.36314055,42049,,,,,640,8.0,01/04/2022,,1,2022
289201,358,1152,state,Pennsylvania,ALBION CORRECTIONAL FACILITY,2022-01-07,2205.0,1988.0,,,,41.87872712,-80.36314055,42049,,,,,643,3.0,01/07/2022,,1,2022
289202,359,1152,state,Pennsylvania,ALBION CORRECTIONAL FACILITY,2022-01-11,2205.0,1996.0,,,,41.87872712,-80.36314055,42049,,,,,647,4.0,01/11/2022,,2,2022
289203,360,1152,state,Pennsylvania,ALBION CORRECTIONAL FACILITY,2022-01-18,2205.0,1995.0,,,,41.87872712,-80.36314055,42049,,,,,654,7.0,01/18/2022,,3,2022
289204,361,1152,state,Pennsylvania,ALBION CORRECTIONAL FACILITY,2022-01-21,2205.0,1995.0,1871.0,1864.0,,41.87872712,-80.36314055,42049,0.937844611528822,0.9343358395989975,0.937844611528822,0.9343358395989975,657,3.0,01/21/2022,0.937844611528822,3,2022
289205,362,1152,state,Pennsylvania,ALBION CORRECTIONAL FACILITY,2022-01-24,2205.0,1983.0,1871.0,1864.0,,41.87872712,-80.36314055,42049,0.9435199193141705,0.9399899142713061,0.9435199193141705,0.9399899142713061,660,3.0,01/24/2022,0.9435199193141705,4,2022
289206,363,1152,state,Pennsylvania,ALBION CORRECTIONAL FACILITY,2022-01-31,2205.0,1983.0,1874.0,1865.0,,41.87872712,-80.36314055,42049,0.9450327786182552,0.940494200706001,0.9450327786182552,0.940494200706001,667,7.0,01/31/2022,0.9450327786182552,5,2022
289207,364,1152,state,Pennsylvania,ALBION CORRECTIONAL FACILITY,2022-02-03,2205.0,1992.0,1882.0,1873.0,,41.87872712,-80.36314055,42049,0.9447791164658634,0.9402610441767069,,,670,3.0,02/03/2022,,5,2022
289208,365,1152,state,Pennsylvania,ALBION CORRECTIONAL FACILITY,2022-02-07,2205.0,1985.0,1880.0,1871.0,,41.87872712,-80.36314055,42049,0.947103274559194,0.9425692695214106,0.947103274559194,0.9425692695214106,674,4.0,02/07/2022,0.947103274559194,6,2022
289209,366,1152,state,Pennsylvania,ALBION CORRECTIONAL FACILITY,2022-02-10,2205.0,1990.0,1884.0,1875.0,,41.87872712,-80.36314055,42049,0.9467336683417086,0.9422110552763819,,,677,3.0,02/10/2022,,6,2022
289210,367,1152,state,Pennsylvania,ALBION CORRECTIONAL FACILITY,2022-02-17,2205.0,1991.0,1886.0,1876.0,,41.87872712,-80.36314055,42049,0.9472626820693119,0.9422400803616273,0.9472626820693119,,684,7.0,02/17/2022,0.9472626820693119,7,2022
289211,368,1152,state,Pennsylvania,ALBION CORRECTIONAL FACILITY,2022-02-22,2205.0,1991.0,1891.0,1880.0,,41.87872712,-80.36314055,42049,0.9497739829231542,0.9442491210447012,0.9497739829231542,0.9442491210447012,689,5.0,02/22/2022,0.9497739829231542,8,2022
289212,369,1152,state,Pennsylvania,ALBION CORRECTIONAL FACILITY,2022-02-24,2205.0,1992.0,1892.0,1880.0,,41.87872712,-80.36314055,42049,0.9497991967871486,0.9437751004016064,0.9497991967871486,,691,2.0,02/24/2022,0.9497991967871486,8,2022
289213,370,1152,state,Pennsylvania,ALBION CORRECTIONAL FACILITY,2022-02-28,2205.0,1986.0,1886.0,1875.0,,41.87872712,-80.36314055,42049,0.9496475327291037,0.9441087613293051,,,695,4.0,02/28/2022,,9,2022
289214,371,1152,state,Pennsylvania,ALBION CORRECTIONAL FACILITY,2022-03-03,2205.0,1995.0,1894.0,1884.0,,41.87872712,-80.36314055,42049,0.9493734335839599,0.9443609022556391,,0.9443609022556391,698,3.0,03/03/2022,,9,2022
289215,372,1152,state,Pennsylvania,ALBION CORRECTIONAL FACILITY,2022-03-07,2205.0,1989.0,1886.0,1876.0,,41.87872712,-80.36314055,42049,0.9482151835093011,0.9431875314228255,,,702,4.0,03/07/2022,,10,2022
289216,373,1152,state,Pennsylvania,ALBION CORRECTIONAL FACILITY,2022-03-10,2205.0,1988.0,1888.0,1878.0,,41.87872712,-80.36314055,42049,0.9496981891348089,0.9446680080482898,,0.9446680080482898,705,3.0,03/10/2022,,10,2022
289217,374,1152,state,Pennsylvania,ALBION CORRECTIONAL FACILITY,2022-03-14,2205.0,1999.0,1899.0,1889.0,,41.87872712,-80.36314055,42049,0.9499749874937469,0.9449724862431216,0.9499749874937469,0.9449724862431216,709,4.0,03/14/2022,0.9499749874937469,11,2022
289218,375,1152,state,Pennsylvania,ALBION CORRECTIONAL FACILITY,2022-03-17,2205.0,1997.0,1897.0,1886.0,,41.87872712,-80.36314055,42049,0.9499248873309964,0.9444166249374061,,,712,3.0,03/17/2022,,11,2022
289219,376,1152,state,Pennsylvania,ALBION CORRECTIONAL FACILITY,2022-03-21,2205.0,1990.0,1891.0,1880.0,,41.87872712,-80.36314055,42049,0.950251256281407,0.9447236180904522,0.950251256281407,,716,4.0,03/21/2022,0.950251256281407,12,2022
289220,377,1152,state,Pennsylvania,ALBION CORRECTIONAL FACILITY,2022-03-24,2205.0,2014.0,1916.0,1905.0,,41.87872712,-80.36314055,42049,0.9513406156901688,0.9458788480635552,0.9513406156901688,0.9458788480635552,719,3.0,03/24/2022,0.9513406156901688,12,2022
289221,378,1152,state,Pennsylvania,ALBION CORRECTIONAL FACILITY,2022-03-28,2205.0,2011.0,1911.0,1900.0,,41.87872712,-80.36314055,42049,0.9502734957732472,0.9448035803083044,,,723,4.0,03/28/2022,,13,2022
289222,379,1152,state,Pennsylvania,ALBION CORRECTIONAL FACILITY,2022-03-31,2205.0,2002.0,1905.0,1894.0,,41.87872712,-80.36314055,42049,0.9515484515484516,0.9460539460539461,0.9515484515484516,0.9460539460539461,726,3.0,03/31/2022,0.9515484515484516,13,2022
289223,380,1152,state,Pennsylvania,ALBION CORRECTIONAL FACILITY,2022-04-04,2205.0,2003.0,,,,41.87872712,-80.36314055,42049,,,,,730,4.0,04/04/2022,,14,2022
289224,381,1152,state,Pennsylvania,ALBION CORRECTIONAL FACILITY,2022-04-07,2205.0,2010.0,1905.0,1894.0,,41.87872712,-80.36314055,42049,0.9477611940298507,0.9422885572139303,0.9477611940298507,0.9422885572139303,733,3.0,04/07/2022,0.9477611940298507,14,2022
289225,382,1152,state,Pennsylvania,ALBION CORRECTIONAL FACILITY,2022-04-11,2205.0,2000.0,0.0,0.0,,41.87872712,-80.36314055,42049,0.0,0.0,,,737,4.0,04/11/2022,,15,2022
289226,383,1152,state,Pennsylvania,ALBION CORRECTIONAL FACILITY,2022-04-14,2205.0,1997.0,1891.0,1880.0,,41.87872712,-80.36314055,42049,0.9469203805708563,0.9414121181772659,,,740,3.0,04/14/2022,,15,2022
289227,384,1152,state,Pennsylvania,ALBION CORRECTIONAL FACILITY,2022-04-18,2205.0,1999.0,1888.0,1877.0,,41.87872712,-80.36314055,42049,0.9444722361180591,0.9389694847423712,,,744,4.0,04/18/2022,,16,2022
289228,385,1152,state,Pennsylvania,ALBION CORRECTIONAL FACILITY,2022-04-21,2205.0,2002.0,1895.0,1884.0,,41.87872712,-80.36314055,42049,0.9465534465534465,0.9410589410589411,,,747,3.0,04/21/2022,,16,2022
289229,386,1152,state,Pennsylvania,ALBION CORRECTIONAL FACILITY,2022-04-25,2205.0,1995.0,1889.0,1878.0,,41.87872712,-80.36314055,42049,0.9468671679197995,0.9413533834586466,,,751,4.0,04/25/2022,,17,2022
289230,387,1152,state,Pennsylvania,ALBION CORRECTIONAL FACILITY,2022-04-28,2205.0,1999.0,,,,41.87872712,-80.36314055,42049,,,,,754,3.0,04/28/2022,,17,2022
289231,388,1152,state,Pennsylvania,ALBION CORRECTIONAL FACILITY,2022-05-02,2205.0,1994.0,1888.0,1876.0,,41.87872712,-80.36314055,42049,0.9468405215646941,0.9408224674022067,0.9468405215646941,0.9408224674022067,758,4.0,05/02/2022,0.9468405215646941,18,2022
289232,389,1152,state,Pennsylvania,ALBION CORRECTIONAL FACILITY,2022-05-05,2205.0,1998.0,1891.0,1878.0,,41.87872712,-80.36314055,42049,0.9464464464464465,0.93993993993994,,,761,3.0,05/05/2022,,18,2022
289233,390,1152,state,Pennsylvania,ALBION CORRECTIONAL FACILITY,2022-05-09,2205.0,2002.0,1893.0,1883.0,,41.87872712,-80.36314055,42049,0.9455544455544456,0.9405594405594405,,,765,4.0,05/09/2022,,19,2022
289234,391,1152,state,Pennsylvania,ALBION CORRECTIONAL FACILITY,2022-05-12,2205.0,2013.0,1902.0,1890.0,,41.87872712,-80.36314055,42049,0.9448584202682563,0.9388971684053651,,,768,3.0,05/12/2022,,19,2022
289235,392,1152,state,Pennsylvania,ALBION CORRECTIONAL FACILITY,2022-05-16,2205.0,2026.0,1905.0,1893.0,,41.87872712,-80.36314055,42049,0.9402764067127345,0.9343534057255676,,,772,4.0,05/16/2022,,20,2022
289236,393,1152,state,Pennsylvania,ALBION CORRECTIONAL FACILITY,2022-05-19,2205.0,2026.0,1905.0,1894.0,,41.87872712,-80.36314055,42049,0.9402764067127345,0.9348469891411648,,,775,3.0,05/19/2022,,20,2022
289237,394,1152,state,Pennsylvania,ALBION CORRECTIONAL FACILITY,2022-05-23,2205.0,2025.0,1904.0,1893.0,,41.87872712,-80.36314055,42049,0.9402469135802469,0.9348148148148148,,,779,4.0,05/23/2022,,21,2022
289238,395,1152,state,Pennsylvania,ALBION CORRECTIONAL FACILITY,2022-05-31,2205.0,2029.0,1913.0,1898.0,,41.87872712,-80.36314055,42049,0.9428289797930015,0.9354361754558896,,,787,8.0,05/31/2022,,22,2022
289239,396,1152,state,Pennsylvania,ALBION CORRECTIONAL FACILITY,2022-06-02,2205.0,2040.0,,,,41.87872712,-80.36314055,42049,,,,,789,2.0,06/02/2022,,22,2022
289240,397,1152,state,Pennsylvania,ALBION CORRECTIONAL FACILITY,2022-06-14,2205.0,2062.0,1927.0,1908.0,,41.87872712,-80.36314055,42049,0.934529582929195,0.9253152279340446,0.934529582929195,0.9253152279340446,801,12.0,06/14/2022,0.934529582929195,24,2022
289241,398,1152,state,Pennsylvania,ALBION CORRECTIONAL FACILITY,2022-06-21,2205.0,2052.0,1924.0,1903.0,,41.87872712,-80.36314055,42049,0.9376218323586745,0.9273879142300195,0.9376218323586745,0.9273879142300195,808,7.0,06/21/2022,0.9376218323586745,25,2022
289242,399,1152,state,Pennsylvania,ALBION CORRECTIONAL FACILITY,2022-06-28,2205.0,2042.0,1913.0,1890.0,,41.87872712,-80.36314055,42049,0.9368266405484819,0.9255631733594515,,,815,7.0,06/28/2022,,26,2022
289243,400,1152,state,Pennsylvania,ALBION CORRECTIONAL FACILITY,2022-07-05,2205.0,2027.0,1895.0,1878.0,,41.87872712,-80.36314055,42049,0.9348791317217563,0.9264923532313765,,,822,7.0,07/05/2022,,27,2022
289244,401,1152,state,Pennsylvania,ALBION CORRECTIONAL FACILITY,2022-07-12,2205.0,2044.0,1905.0,1886.0,,41.87872712,-80.36314055,42049,0.9319960861056752,0.9227005870841487,,,829,7.0,07/12/2022,,28,2022
289245,402,1152,state,Pennsylvania,ALBION CORRECTIONAL FACILITY,2022-07-19,2205.0,2051.0,,,,41.87872712,-80.36314055,42049,,,,,836,7.0,07/19/2022,,29,2022
289246,403,1152,state,Pennsylvania,ALBION CORRECTIONAL FACILITY,2022-07-26,2205.0,2045.0,,,,41.87872712,-80.36314055,42049,,,,,843,7.0,07/26/2022,,30,2022
289247,404,1152,state,Pennsylvania,ALBION CORRECTIONAL FACILITY,2022-08-02,2205.0,2047.0,,,,41.87872712,-80.36314055,42049,,,,,850,7.0,08/02/2022,,31,2022
289248,405,1152,state,Pennsylvania,ALBION CORRECTIONAL FACILITY,2022-08-09,2205.0,2047.0,,,,41.87872712,-80.36314055,42049,,,,,857,7.0,08/09/2022,,32,2022
289249,406,1152,state,Pennsylvania,ALBION CORRECTIONAL FACILITY,2022-08-17,2205.0,2047.0,,,,41.87872712,-80.36314055,42049,,,,,865,8.0,08/17/2022,,33,2022
289250,407,1152,state,Pennsylvania,ALBION CORRECTIONAL FACILITY,2022-08-23,2205.0,2047.0,,,,41.87872712,-80.36314055,42049,,,,,871,6.0,08/23/2022,,34,2022
289251,408,1152,state,Pennsylvania,ALBION CORRECTIONAL FACILITY,2022-08-30,2205.0,2047.0,,,,41.87872712,-80.36314055,42049,,,,,878,7.0,08/30/2022,,35,2022
289252,409,1152,state,Pennsylvania,ALBION CORRECTIONAL FACILITY,2022-09-06,2205.0,2047.0,,,,41.87872712,-80.36314055,42049,,,,,885,7.0,09/06/2022,,36,2022
289253,410,1152,state,Pennsylvania,ALBION CORRECTIONAL FACILITY,2022-09-13,2205.0,2047.0,,,,41.87872712,-80.36314055,42049,,,,,892,7.0,09/13/2022,,37,2022
289254,411,1152,state,Pennsylvania,ALBION CORRECTIONAL FACILITY,2022-09-20,2205.0,2047.0,,,,41.87872712,-80.36314055,42049,,,,,899,7.0,09/20/2022,,38,2022
289255,412,1152,state,Pennsylvania,ALBION CORRECTIONAL FACILITY,2022-09-23,2205.0,2047.0,,,,41.87872712,-80.36314055,42049,,,,,902,3.0,09/23/2022,,38,2022
289256,413,1152,state,Pennsylvania,ALBION CORRECTIONAL FACILITY,2022-10-04,2205.0,2047.0,,,,41.87872712,-80.36314055,42049,,,,,913,11.0,10/04/2022,,40,2022
