,index,name,abbreviation,month,pop,Date,year,pop_change
0,700,Wyoming,WY,3,2156,2020-03-15,2020,0.0
1,701,Wyoming,WY,4,2098,2020-04-15,2020,-0.026901669758812616
2,702,Wyoming,WY,6,2001,2020-06-16,2020,-0.07189239332096475
3,703,Wyoming,WY,7,1986,2020-07-31,2020,-0.07884972170686456
4,704,Wyoming,WY,8,1959,2020-08-31,2020,-0.09137291280148423
5,705,Wyoming,WY,9,1996,2020-09-30,2020,-0.07421150278293136
6,706,Wyoming,WY,10,2232,2020-10-31,2020,0.03525046382189239
7,707,Wyoming,WY,11,2157,2020-11-30,2020,0.00046382189239332097
8,708,Wyoming,WY,12,2134,2020-12-31,2020,-0.01020408163265306
9,709,Wyoming,WY,1,2133,2021-01-31,2021,-0.010667903525046383
10,710,Wyoming,WY,1,2133,2021-01-31,2021,-0.010667903525046383
11,711,Wyoming,WY,1,2133,2021-01-31,2021,-0.010667903525046383
12,712,Wyoming,WY,1,2133,2021-01-31,2021,-0.010667903525046383
13,713,Wyoming,WY,1,2133,2021-01-31,2021,-0.010667903525046383
14,686,Wisconsin,WI,3,23591,2020-03-13,2020,0.0
15,687,Wisconsin,WI,4,22507,2020-04-17,2020,-0.04594972659064898
16,688,Wisconsin,WI,6,21576,2020-06-12,2020,-0.08541392904073587
17,689,Wisconsin,WI,7,21252,2020-07-31,2020,-0.09914798016192616
18,690,Wisconsin,WI,9,21136,2020-09-04,2020,-0.10406510957568564
19,691,Wisconsin,WI,10,21495,2020-10-02,2020,-0.08884744182103345
20,692,Wisconsin,WI,10,20796,2020-10-30,2020,-0.11847738544360137
21,693,Wisconsin,WI,11,20494,2020-11-27,2020,-0.13127887753804418
22,694,Wisconsin,WI,1,20033,2021-01-01,2021,-0.15082022805307108
23,695,Wisconsin,WI,1,19783,2021-01-29,2021,-0.16141748972065617
24,696,Wisconsin,WI,2,19513,2021-02-26,2021,-0.17286253232164808
25,697,Wisconsin,WI,4,19357,2021-04-02,2021,-0.17947522360222118
26,698,Wisconsin,WI,4,19301,2021-04-30,2021,-0.18184901021576025
27,699,Wisconsin,WI,5,19271,2021-05-28,2021,-0.18312068161587045
28,672,West Virginia,WV,3,5952,2020-03-15,2020,0.0
29,673,West Virginia,WV,4,5556,2020-04-15,2020,-0.06653225806451613
30,674,West Virginia,WV,6,4898,2020-06-15,2020,-0.17708333333333334
31,675,West Virginia,WV,7,4398,2020-07-31,2020,-0.2610887096774194
32,676,West Virginia,WV,8,4331,2020-08-31,2020,-0.2723454301075269
33,677,West Virginia,WV,9,4275,2020-09-30,2020,-0.2817540322580645
34,678,West Virginia,WV,10,4247,2020-10-31,2020,-0.2864583333333333
35,679,West Virginia,WV,11,4189,2020-11-30,2020,-0.2962029569892473
36,680,West Virginia,WV,12,3977,2020-12-31,2020,-0.3318212365591398
37,681,West Virginia,WV,1,3987,2021-01-31,2021,-0.33014112903225806
38,682,West Virginia,WV,2,3962,2021-02-28,2021,-0.3343413978494624
39,683,West Virginia,WV,3,4053,2021-03-31,2021,-0.3190524193548387
40,684,West Virginia,WV,4,4071,2021-04-30,2021,-0.3160282258064516
41,685,West Virginia,WV,6,4425,2021-06-01,2021,-0.2565524193548387
42,658,Washington,WA,3,17263,2020-03-31,2020,0.0
43,659,Washington,WA,4,16906,2020-04-30,2020,-0.020680067195736545
44,660,Washington,WA,6,15837,2020-06-30,2020,-0.0826044140647628
45,661,Washington,WA,7,15626,2020-07-31,2020,-0.09482708683311128
46,662,Washington,WA,8,15494,2020-08-31,2020,-0.10247349823321555
47,663,Washington,WA,9,15339,2020-09-30,2020,-0.11145223889242889
48,664,Washington,WA,10,15198,2020-10-31,2020,-0.11961999652435845
49,665,Washington,WA,11,15111,2020-11-30,2020,-0.12465967676533626
50,666,Washington,WA,12,14882,2020-12-31,2020,-0.13792504199733535
51,667,Washington,WA,1,14660,2021-01-31,2021,-0.15078491571569252
52,668,Washington,WA,2,14510,2021-02-28,2021,-0.15947401957944737
53,669,Washington,WA,3,14314,2021-03-31,2021,-0.17082778196142037
54,670,Washington,WA,4,14065,2021-04-30,2021,-0.18525169437525343
55,671,Washington,WA,4,14065,2021-04-30,2021,-0.18525169437525343
56,644,Virginia,VA,3,29161,2020-03-13,2020,0.0
57,645,Virginia,VA,4,28559,2020-04-14,2020,-0.020644010836391072
58,646,Virginia,VA,6,28595,2020-06-16,2020,-0.01940948527142416
59,647,Virginia,VA,7,26749,2020-07-31,2020,-0.08271321285278282
60,648,Virginia,VA,8,26190,2020-08-31,2020,-0.10188265148657454
61,649,Virginia,VA,9,25659,2020-09-30,2020,-0.12009190356983643
62,650,Virginia,VA,10,25156,2020-10-31,2020,-0.1373409691025685
63,651,Virginia,VA,11,24731,2020-11-30,2020,-0.15191522924453893
64,652,Virginia,VA,12,24235,2020-12-31,2020,-0.16892424813963855
65,653,Virginia,VA,1,23811,2021-01-31,2021,-0.18346421590480436
66,654,Virginia,VA,2,23644,2021-02-28,2021,-0.18919104283117863
67,655,Virginia,VA,3,23796,2021-03-31,2021,-0.1839786015568739
68,656,Virginia,VA,4,23897,2021-04-30,2021,-0.18051507149960563
69,657,Virginia,VA,5,23966,2021-05-31,2021,-0.17814889750008572
70,630,Vermont,VT,3,1656,2020-03-15,2020,0.0
71,631,Vermont,VT,4,1406,2020-04-15,2020,-0.15096618357487923
72,632,Vermont,VT,6,1395,2020-06-16,2020,-0.15760869565217392
73,633,Vermont,VT,7,1390,2020-07-31,2020,-0.1606280193236715
74,634,Vermont,VT,8,1417,2020-08-31,2020,-0.14432367149758454
75,635,Vermont,VT,9,1413,2020-09-30,2020,-0.14673913043478262
76,636,Vermont,VT,10,1369,2020-10-30,2020,-0.17330917874396135
77,637,Vermont,VT,11,1380,2020-11-30,2020,-0.16666666666666666
78,638,Vermont,VT,12,1292,2020-12-30,2020,-0.21980676328502416
79,639,Vermont,VT,1,1281,2021-01-29,2021,-0.22644927536231885
80,640,Vermont,VT,3,1274,2021-03-01,2021,-0.23067632850241546
81,641,Vermont,VT,3,1238,2021-03-31,2021,-0.2524154589371981
82,642,Vermont,VT,4,1228,2021-04-30,2021,-0.2584541062801932
83,643,Vermont,VT,5,1261,2021-05-28,2021,-0.23852657004830918
84,616,Utah,UT,3,6900,2020-03-15,2020,0.0
85,617,Utah,UT,4,6441,2020-04-15,2020,-0.06652173913043478
86,618,Utah,UT,6,5993,2020-06-16,2020,-0.13144927536231885
87,619,Utah,UT,7,5915,2020-07-31,2020,-0.1427536231884058
88,620,Utah,UT,8,5824,2020-08-31,2020,-0.15594202898550724
89,621,Utah,UT,9,5814,2020-09-30,2020,-0.15739130434782608
90,622,Utah,UT,10,5898,2020-10-31,2020,-0.14521739130434783
91,623,Utah,UT,11,5496,2020-11-30,2020,-0.20347826086956522
92,624,Utah,UT,12,5485,2020-12-31,2020,-0.20507246376811594
93,625,Utah,UT,12,5485,2020-12-31,2020,-0.20507246376811594
94,626,Utah,UT,2,5581,2021-02-28,2021,-0.19115942028985508
95,627,Utah,UT,3,5602,2021-03-31,2021,-0.18811594202898552
96,628,Utah,UT,4,5663,2021-04-30,2021,-0.1792753623188406
97,629,Utah,UT,5,5728,2021-05-31,2021,-0.1698550724637681
98,603,Texas,TX,3,140124,2020-03-31,2020,0.0
99,604,Texas,TX,4,135833,2020-04-30,2020,-0.030622876880477292
100,605,Texas,TX,6,127200,2020-06-26,2020,-0.0922325939881819
101,606,Texas,TX,7,124181,2020-07-31,2020,-0.11377779680854101
102,607,Texas,TX,8,121128,2020-08-31,2020,-0.1355656418600668
103,608,Texas,TX,9,120709,2020-09-30,2020,-0.1385558505323856
104,609,Texas,TX,10,122177,2020-10-31,2020,-0.12807941537495363
105,610,Texas,TX,11,121876,2020-11-30,2020,-0.1302275127743998
106,611,Texas,TX,12,120873,2020-12-31,2020,-0.1373854585938169
107,612,Texas,TX,2,117843,2021-02-28,2021,-0.15900916331249465
108,613,Texas,TX,3,117491,2021-03-31,2021,-0.16152122405869088
109,614,Texas,TX,4,116926,2021-04-30,2021,-0.16555336701778425
110,615,Texas,TX,5,117838,2021-05-31,2021,-0.15904484599354857
111,588,Tennessee,TN,3,21616,2020-03-15,2020,0.0
112,589,Tennessee,TN,4,21150,2020-04-15,2020,-0.021558105107327905
113,590,Tennessee,TN,6,20079,2020-06-16,2020,-0.07110473723168023
114,591,Tennessee,TN,7,19249,2020-07-31,2020,-0.10950222057735011
115,592,Tennessee,TN,8,19279,2020-08-31,2020,-0.10811435973353072
116,593,Tennessee,TN,9,19143,2020-09-30,2020,-0.1144059955588453
117,594,Tennessee,TN,10,19566,2020-10-31,2020,-0.09483715766099186
118,595,Tennessee,TN,11,19605,2020-11-30,2020,-0.09303293856402664
119,596,Tennessee,TN,12,19453,2020-12-31,2020,-0.10006476683937823
120,597,Tennessee,TN,1,19510,2021-01-31,2021,-0.09742783123612139
121,598,Tennessee,TN,2,19433,2021-02-28,2021,-0.1009900074019245
122,599,Tennessee,TN,3,19687,2021-03-31,2021,-0.08923945225758698
123,600,Tennessee,TN,4,19687,2021-04-30,2021,-0.08923945225758698
124,601,Tennessee,TN,5,20537,2021-05-31,2021,-0.04991672834937084
125,574,South Dakota,SD,3,3701,2020-03-31,2020,0.0
126,575,South Dakota,SD,4,3546,2020-04-30,2020,-0.041880572818157255
127,576,South Dakota,SD,6,3367,2020-06-30,2020,-0.09024587949202918
128,577,South Dakota,SD,7,3309,2020-07-31,2020,-0.10591731964333964
129,578,South Dakota,SD,8,3258,2020-08-31,2020,-0.11969737908673332
130,579,South Dakota,SD,9,3235,2020-09-30,2020,-0.1259119156984599
131,580,South Dakota,SD,10,3205,2020-10-31,2020,-0.13401783301810322
132,581,South Dakota,SD,11,3205,2020-11-30,2020,-0.13401783301810322
133,582,South Dakota,SD,12,3159,2020-12-31,2020,-0.14644690624155635
134,583,South Dakota,SD,1,3145,2021-01-31,2021,-0.1502296676573899
135,584,South Dakota,SD,2,3174,2021-02-28,2021,-0.14239394758173465
136,585,South Dakota,SD,3,3180,2021-03-31,2021,-0.140772764117806
137,586,South Dakota,SD,4,3181,2021-04-30,2021,-0.14050256687381787
138,587,South Dakota,SD,5,3228,2021-05-31,2021,-0.12780329640637667
139,560,South Carolina,SC,3,18113,2020-03-20,2020,0.0
140,561,South Carolina,SC,4,17772,2020-04-20,2020,-0.018826257384199192
141,562,South Carolina,SC,6,17188,2020-06-18,2020,-0.051068293490862914
142,563,South Carolina,SC,7,16710,2020-07-31,2020,-0.07745817920830343
143,564,South Carolina,SC,8,16447,2020-08-29,2020,-0.09197813724948932
144,565,South Carolina,SC,9,16540,2020-09-30,2020,-0.086843703417435
145,566,South Carolina,SC,10,16109,2020-10-30,2020,-0.1106387677358803
146,567,South Carolina,SC,11,15927,2020-11-30,2020,-0.12068679953624468
147,568,South Carolina,SC,12,15674,2020-12-31,2020,-0.1346546679180699
148,569,South Carolina,SC,1,15700,2021-01-31,2021,-0.13321923480373213
149,570,South Carolina,SC,3,15320,2021-03-01,2021,-0.15419864185943796
150,571,South Carolina,SC,4,15293,2021-04-01,2021,-0.15568928393971182
151,572,South Carolina,SC,5,15216,2021-05-01,2021,-0.15994037431678904
152,573,South Carolina,SC,6,15159,2021-06-01,2021,-0.1630872853751449
153,546,Rhode Island,RI,3,2674,2020-03-15,2020,0.0
154,547,Rhode Island,RI,4,2275,2020-04-15,2020,-0.14921465968586387
155,548,Rhode Island,RI,6,2180,2020-06-16,2020,-0.18474195961106957
156,549,Rhode Island,RI,7,2200,2020-07-31,2020,-0.17726252804786835
157,550,Rhode Island,RI,8,2211,2020-08-31,2020,-0.1731488406881077
158,551,Rhode Island,RI,9,2184,2020-09-30,2020,-0.18324607329842932
159,552,Rhode Island,RI,10,2233,2020-10-31,2020,-0.1649214659685864
160,553,Rhode Island,RI,11,2179,2020-11-30,2020,-0.18511593118922962
161,554,Rhode Island,RI,12,2076,2020-12-31,2020,-0.2236350037397158
162,555,Rhode Island,RI,1,2118,2021-01-31,2021,-0.20792819745699326
163,556,Rhode Island,RI,2,2150,2021-02-28,2021,-0.19596110695587135
164,557,Rhode Island,RI,3,2120,2021-03-31,2021,-0.20718025430067316
165,558,Rhode Island,RI,4,2078,2021-04-30,2021,-0.22288706058339566
166,559,Rhode Island,RI,5,2125,2021-05-31,2021,-0.20531039640987284
167,532,Pennsylvania,PA,3,46559,2020-03-31,2020,0.0
168,533,Pennsylvania,PA,4,45251,2020-04-30,2020,-0.02809338688545716
169,534,Pennsylvania,PA,6,43916,2020-06-30,2020,-0.05676668313322881
170,535,Pennsylvania,PA,7,43204,2020-07-30,2020,-0.07205910779870701
171,536,Pennsylvania,PA,8,41964,2020-08-31,2020,-0.09869198221611289
172,537,Pennsylvania,PA,9,41438,2020-09-30,2020,-0.10998947571898021
173,538,Pennsylvania,PA,10,41140,2020-10-30,2020,-0.1163899568289697
174,539,Pennsylvania,PA,11,40786,2020-11-30,2020,-0.12399321291264846
175,540,Pennsylvania,PA,12,40403,2020-12-31,2020,-0.13221933460770205
176,541,Pennsylvania,PA,1,40088,2021-01-31,2021,-0.13898494383470436
177,542,Pennsylvania,PA,2,39499,2021-02-28,2021,-0.15163555918297214
178,543,Pennsylvania,PA,3,39296,2021-03-31,2021,-0.15599561846259585
179,544,Pennsylvania,PA,4,39080,2021-04-30,2021,-0.1606348933611117
180,545,Pennsylvania,PA,5,38868,2021-05-31,2021,-0.1651882557615069
181,519,Oregon,OR,3,14459,2020-03-15,2020,0.0
182,520,Oregon,OR,4,14407,2020-04-15,2020,-0.0035963759596099316
183,521,Oregon,OR,6,14055,2020-06-16,2020,-0.027941074763123314
184,522,Oregon,OR,7,13721,2020-07-31,2020,-0.05104087419600249
185,523,Oregon,OR,8,13507,2020-08-31,2020,-0.06584134449132029
186,524,Oregon,OR,10,13306,2020-10-01,2020,-0.0797427207967356
187,525,Oregon,OR,11,13149,2020-11-01,2020,-0.09060100975171173
188,526,Oregon,OR,12,12989,2020-12-01,2020,-0.1016667819351269
189,527,Oregon,OR,12,12753,2020-12-31,2020,-0.11798879590566429
190,528,Oregon,OR,3,12404,2021-03-01,2021,-0.14212601148073864
191,529,Oregon,OR,4,12322,2021-04-01,2021,-0.14779721972473892
192,530,Oregon,OR,5,12190,2021-05-01,2021,-0.15692648177605645
193,531,Oregon,OR,6,12098,2021-06-01,2021,-0.16328930078152015
194,504,Oklahoma,OK,3,24956,2020-03-16,2020,0.0
195,505,Oklahoma,OK,4,24395,2020-04-13,2020,-0.022479564032697547
196,506,Oklahoma,OK,6,22875,2020-06-16,2020,-0.08338676069882994
197,507,Oklahoma,OK,7,22201,2020-07-31,2020,-0.11039429395736496
198,508,Oklahoma,OK,8,21980,2020-08-31,2020,-0.11924987978842763
199,509,Oklahoma,OK,9,21769,2020-09-28,2020,-0.12770476037826575
200,510,Oklahoma,OK,11,21678,2020-11-02,2020,-0.1313511780734092
201,511,Oklahoma,OK,11,21709,2020-11-30,2020,-0.13010899182561309
202,512,Oklahoma,OK,1,21718,2021-01-04,2021,-0.129748357108511
203,513,Oklahoma,OK,2,21665,2021-02-01,2021,-0.13187209488700113
204,514,Oklahoma,OK,3,21670,2021-03-01,2021,-0.13167174226638884
205,515,Oklahoma,OK,3,21729,2021-03-29,2021,-0.12930758134316397
206,516,Oklahoma,OK,5,21725,2021-05-03,2021,-0.1294678634396538
207,517,Oklahoma,OK,6,21615,2021-06-01,2021,-0.1338756210931239
208,490,Ohio,OH,3,48765,2020-03-19,2020,0.0
209,491,Ohio,OH,4,48927,2020-04-20,2020,0.003322054752383882
210,492,Ohio,OH,6,46212,2020-06-16,2020,-0.05235312211627192
211,493,Ohio,OH,8,44972,2020-08-04,2020,-0.07778119552958064
212,494,Ohio,OH,8,45047,2020-08-31,2020,-0.07624320721829181
213,495,Ohio,OH,9,44536,2020-09-30,2020,-0.08672203424587306
214,496,Ohio,OH,10,44598,2020-10-31,2020,-0.08545063057520763
215,497,Ohio,OH,11,44441,2020-11-30,2020,-0.08867015277350558
216,498,Ohio,OH,12,44027,2020-12-31,2020,-0.09715984825181995
217,499,Ohio,OH,1,43665,2021-01-31,2021,-0.10458320516764072
218,500,Ohio,OH,2,43495,2021-02-28,2021,-0.10806931200656208
219,501,Ohio,OH,3,43246,2021-03-31,2021,-0.11317543320004102
220,502,Ohio,OH,4,43005,2021-04-30,2021,-0.11811750230698247
221,503,Ohio,OH,5,43014,2021-05-25,2021,-0.11793294370962781
222,477,North Dakota,ND,3,1519,2020-03-15,2020,0.0
223,478,North Dakota,ND,4,1321,2020-04-15,2020,-0.130348913759052
224,479,North Dakota,ND,6,1247,2020-06-16,2020,-0.17906517445687953
225,480,North Dakota,ND,7,1237,2020-07-31,2020,-0.18564845292955892
226,481,North Dakota,ND,9,1185,2020-09-01,2020,-0.21988150098749176
227,482,North Dakota,ND,9,1205,2020-09-30,2020,-0.20671494404213298
228,483,North Dakota,ND,10,1191,2020-10-31,2020,-0.21593153390388414
229,484,North Dakota,ND,11,1235,2020-11-30,2020,-0.1869651086240948
230,485,North Dakota,ND,12,1211,2020-12-31,2020,-0.20276497695852536
231,486,North Dakota,ND,2,1293,2021-02-28,2021,-0.1487820934825543
232,487,North Dakota,ND,3,1351,2021-03-31,2021,-0.11059907834101383
233,488,North Dakota,ND,4,1384,2021-04-30,2021,-0.08887425938117183
234,489,North Dakota,ND,5,1368,2021-05-31,2021,-0.09940750493745885
235,463,North Carolina,NC,3,34256,2020-03-15,2020,0.0
236,464,North Carolina,NC,4,33790,2020-04-30,2020,-0.01360345632881831
237,465,North Carolina,NC,6,31485,2020-06-30,2020,-0.08089093881363849
238,466,North Carolina,NC,7,31471,2020-07-31,2020,-0.08129962634283046
239,467,North Carolina,NC,9,31341,2020-09-01,2020,-0.08509458197104157
240,468,North Carolina,NC,9,31048,2020-09-30,2020,-0.093647828117702
241,469,North Carolina,NC,10,30657,2020-10-31,2020,-0.1050618869687062
242,470,North Carolina,NC,11,30278,2020-11-30,2020,-0.11612564222326016
243,471,North Carolina,NC,12,29321,2020-12-31,2020,-0.14406235404016815
244,472,North Carolina,NC,2,28714,2021-02-28,2021,-0.16178187762727697
245,473,North Carolina,NC,3,28679,2021-03-31,2021,-0.16280359645025688
246,474,North Carolina,NC,4,28746,2021-04-30,2021,-0.16084773470340963
247,475,North Carolina,NC,5,28765,2021-05-31,2021,-0.1602930873423634
248,448,New York,NY,4,42784,2020-04-01,2020,0.0
249,449,New York,NY,5,40956,2020-05-01,2020,-0.042726252804786834
250,450,New York,NY,6,38723,2020-06-16,2020,-0.09491866118175019
251,451,New York,NY,8,37559,2020-08-01,2020,-0.12212509349289453
252,452,New York,NY,9,37053,2020-09-01,2020,-0.13395194465220644
253,453,New York,NY,10,36528,2020-10-01,2020,-0.1462228870605834
254,454,New York,NY,11,35983,2020-11-01,2020,-0.15896129394166045
255,455,New York,NY,12,35353,2020-12-01,2020,-0.1736864248317128
256,456,New York,NY,1,34446,2021-01-01,2021,-0.1948859386686612
257,457,New York,NY,2,33376,2021-02-01,2021,-0.2198952879581152
258,458,New York,NY,3,32384,2021-03-01,2021,-0.24308152580403888
259,459,New York,NY,4,31412,2021-04-01,2021,-0.26580029917726256
260,460,New York,NY,5,31456,2021-05-01,2021,-0.2647718773373224
261,461,New York,NY,6,31890,2021-06-01,2021,-0.25462789827973076
262,434,New Mexico,NM,3,6573,2020-03-15,2020,0.0
263,435,New Mexico,NM,4,6588,2020-04-15,2020,0.0022820629849383844
264,436,New Mexico,NM,6,6328,2020-06-17,2020,-0.03727369542066028
265,437,New Mexico,NM,7,6175,2020-07-31,2020,-0.060550737867031794
266,438,New Mexico,NM,8,6159,2020-08-31,2020,-0.0629849383842994
267,439,New Mexico,NM,9,6040,2020-09-30,2020,-0.08108930473147725
268,440,New Mexico,NM,11,6029,2020-11-01,2020,-0.08276281758709873
269,441,New Mexico,NM,11,6012,2020-11-30,2020,-0.08534915563669557
270,442,New Mexico,NM,12,5847,2020-12-31,2020,-0.1104518484710178
271,443,New Mexico,NM,1,5817,2021-01-31,2021,-0.11501597444089456
272,444,New Mexico,NM,2,5772,2021-02-28,2021,-0.12186216339570972
273,445,New Mexico,NM,3,5710,2021-03-31,2021,-0.1312946904001217
274,446,New Mexico,NM,4,5731,2021-04-30,2021,-0.12809980222120798
275,447,New Mexico,NM,5,5708,2021-05-31,2021,-0.13159896546478017
276,420,New Jersey,NJ,3,18439,2020-03-15,2020,0.0
277,421,New Jersey,NJ,4,17958,2020-04-15,2020,-0.02608601334128749
278,422,New Jersey,NJ,6,16613,2020-06-16,2020,-0.09902923152014752
279,423,New Jersey,NJ,8,15866,2020-08-01,2020,-0.13954118986929878
280,424,New Jersey,NJ,9,15480,2020-09-01,2020,-0.16047507999349206
281,425,New Jersey,NJ,10,15380,2020-10-01,2020,-0.16589836759043333
282,426,New Jersey,NJ,10,14784,2020-10-27,2020,-0.19822116166820328
283,427,New Jersey,NJ,11,12800,2020-11-30,2020,-0.305819187591518
284,428,New Jersey,NJ,12,11463,2020-12-31,2020,-0.3783285427626227
285,429,New Jersey,NJ,1,11434,2021-01-31,2021,-0.37990129616573565
286,430,New Jersey,NJ,2,11128,2021-02-28,2021,-0.39649655621237595
287,431,New Jersey,NJ,3,10962,2021-03-31,2021,-0.40549921362329844
288,432,New Jersey,NJ,4,10875,2021-04-30,2021,-0.41021747383263735
289,433,New Jersey,NJ,5,10722,2021-05-31,2021,-0.41851510385595747
290,406,New Hampshire,NH,4,2433,2020-04-01,2020,0.0
291,407,New Hampshire,NH,5,2359,2020-05-01,2020,-0.030415125359638306
292,408,New Hampshire,NH,7,2256,2020-07-01,2020,-0.07274969173859433
293,409,New Hampshire,NH,8,2228,2020-08-01,2020,-0.08425811755034936
294,410,New Hampshire,NH,9,2209,2020-09-01,2020,-0.09206740649404029
295,411,New Hampshire,NH,10,2203,2020-10-01,2020,-0.09453349773941636
296,412,New Hampshire,NH,11,2184,2020-11-01,2020,-0.10234278668310727
297,413,New Hampshire,NH,12,2155,2020-12-01,2020,-0.11426222770242499
298,414,New Hampshire,NH,1,2136,2021-01-01,2021,-0.1220715166461159
299,415,New Hampshire,NH,2,2107,2021-02-01,2021,-0.13399095766543362
300,416,New Hampshire,NH,3,2071,2021-03-01,2021,-0.1487875051376901
301,417,New Hampshire,NH,4,2053,2021-04-01,2021,-0.15618577887381832
302,418,New Hampshire,NH,5,2030,2021-05-01,2021,-0.16563912864775995
303,419,New Hampshire,NH,6,2016,2021-06-01,2021,-0.17139334155363747
304,392,Nevada,NV,3,12384,2020-03-08,2020,0.0
305,393,Nevada,NV,4,12152,2020-04-30,2020,-0.018733850129198967
306,394,Nevada,NV,6,11231,2020-06-14,2020,-0.09310400516795865
307,395,Nevada,NV,8,11696,2020-08-02,2020,-0.05555555555555555
308,396,Nevada,NV,8,11529,2020-08-31,2020,-0.0690406976744186
309,397,Nevada,NV,9,11354,2020-09-27,2020,-0.083171834625323
310,398,Nevada,NV,10,11273,2020-10-31,2020,-0.0897125322997416
311,399,Nevada,NV,11,11222,2020-11-29,2020,-0.09383074935400516
312,400,Nevada,NV,12,11134,2020-12-27,2020,-0.10093669250645995
313,401,Nevada,NV,1,11007,2021-01-31,2021,-0.11119186046511628
314,402,Nevada,NV,3,10926,2021-03-01,2021,-0.11773255813953488
315,403,Nevada,NV,3,10841,2021-03-29,2021,-0.12459625322997415
316,404,Nevada,NV,4,10777,2021-04-27,2021,-0.1297642118863049
317,405,Nevada,NV,6,10640,2021-06-01,2021,-0.14082687338501293
318,378,Nebraska,NE,3,5621,2020-03-31,2020,0.0
319,379,Nebraska,NE,4,5539,2020-04-30,2020,-0.014588151574452944
320,380,Nebraska,NE,6,5384,2020-06-30,2020,-0.04216331613591887
321,381,Nebraska,NE,7,5307,2020-07-31,2020,-0.05586194627290518
322,382,Nebraska,NE,8,5272,2020-08-31,2020,-0.06208859633517168
323,383,Nebraska,NE,9,5297,2020-09-30,2020,-0.05764098914783846
324,384,Nebraska,NE,10,5296,2020-10-31,2020,-0.057818893435331795
325,385,Nebraska,NE,11,5308,2020-11-30,2020,-0.055684041985411846
326,386,Nebraska,NE,12,5275,2020-12-31,2020,-0.06155488347269169
327,387,Nebraska,NE,1,5265,2021-01-31,2021,-0.06333392634762498
328,388,Nebraska,NE,3,5302,2021-03-01,2021,-0.05675146771037182
329,389,Nebraska,NE,4,5320,2021-04-01,2021,-0.053549190535491904
330,390,Nebraska,NE,5,5301,2021-05-01,2021,-0.05692937199786515
331,391,Nebraska,NE,6,5363,2021-06-01,2021,-0.045899306173278774
332,364,Montana,MT,3,4508,2020-03-15,2020,0.0
333,365,Montana,MT,4,4318,2020-04-15,2020,-0.04214729370008873
334,366,Montana,MT,6,3962,2020-06-16,2020,-0.12111801242236025
335,367,Montana,MT,7,3907,2020-07-31,2020,-0.13331854480922803
336,368,Montana,MT,8,3886,2020-08-31,2020,-0.13797692990239574
337,369,Montana,MT,9,3812,2020-09-30,2020,-0.1543921916592724
338,370,Montana,MT,10,3746,2020-10-31,2020,-0.16903283052351376
339,371,Montana,MT,11,3709,2020-11-30,2020,-0.1772404614019521
340,372,Montana,MT,12,3620,2020-12-31,2020,-0.19698314108251996
341,373,Montana,MT,1,3686,2021-01-31,2021,-0.1823425022182786
342,374,Montana,MT,2,3762,2021-02-28,2021,-0.16548358473824312
343,375,Montana,MT,3,3782,2021-03-31,2021,-0.16104702750665484
344,376,Montana,MT,4,3858,2021-04-30,2021,-0.14418811002661935
345,377,Montana,MT,5,3908,2021-05-31,2021,-0.13309671694764863
346,350,Missouri,MO,3,25740,2020-03-31,2020,0.0
347,351,Missouri,MO,4,25133,2020-04-30,2020,-0.023581973581973583
348,352,Missouri,MO,6,24000,2020-06-18,2020,-0.0675990675990676
349,353,Missouri,MO,7,23877,2020-07-31,2020,-0.07237762237762238
350,354,Missouri,MO,8,23777,2020-08-31,2020,-0.07626262626262627
351,355,Missouri,MO,9,23602,2020-09-30,2020,-0.08306138306138307
352,356,Missouri,MO,10,23554,2020-10-30,2020,-0.08492618492618492
353,357,Missouri,MO,11,23397,2020-11-30,2020,-0.09102564102564102
354,358,Missouri,MO,12,23106,2020-12-31,2020,-0.10233100233100233
355,359,Missouri,MO,1,23037,2021-01-31,2021,-0.105011655011655
356,360,Missouri,MO,2,22783,2021-02-28,2021,-0.11487956487956488
357,361,Missouri,MO,3,22939,2021-03-31,2021,-0.10881895881895882
358,362,Missouri,MO,4,23044,2021-04-30,2021,-0.10473970473970474
359,363,Missouri,MO,5,23057,2021-05-31,2021,-0.10423465423465424
360,336,Mississippi,MS,3,17667,2020-03-15,2020,0.0
361,337,Mississippi,MS,4,16147,2020-04-15,2020,-0.08603611252617875
362,338,Mississippi,MS,6,15857,2020-06-16,2020,-0.10245089715288391
363,339,Mississippi,MS,7,15662,2020-07-31,2020,-0.1134884247467029
364,340,Mississippi,MS,8,15603,2020-08-31,2020,-0.11682798437765325
365,341,Mississippi,MS,9,15579,2020-09-30,2020,-0.11818644931227713
366,342,Mississippi,MS,10,15367,2020-10-31,2020,-0.13018622290145468
367,343,Mississippi,MS,11,15459,2020-11-30,2020,-0.1249787739853965
368,344,Mississippi,MS,12,15444,2020-12-31,2020,-0.12582781456953643
369,345,Mississippi,MS,1,15294,2021-01-31,2021,-0.13431822041093563
370,346,Mississippi,MS,3,15336,2021-03-01,2021,-0.13194090677534387
371,347,Mississippi,MS,3,15261,2021-03-31,2021,-0.13618610969604347
372,348,Mississippi,MS,4,15309,2021-04-30,2021,-0.1334691798267957
373,349,Mississippi,MS,5,15532,2021-05-31,2021,-0.12084677647591555
374,322,Minnesota,MN,3,8904,2020-03-24,2020,0.0
375,323,Minnesota,MN,4,8718,2020-04-20,2020,-0.020889487870619946
376,324,Minnesota,MN,6,8402,2020-06-29,2020,-0.05637915543575921
377,325,Minnesota,MN,8,7736,2020-08-03,2020,-0.13117699910152741
378,326,Minnesota,MN,8,7576,2020-08-31,2020,-0.14914645103324348
379,327,Minnesota,MN,10,7674,2020-10-05,2020,-0.13814016172506738
380,328,Minnesota,MN,10,7575,2020-10-31,2020,-0.14925876010781672
381,329,Minnesota,MN,12,7549,2020-12-01,2020,-0.15217879604672058
382,330,Minnesota,MN,1,7427,2021-01-05,2021,-0.16588050314465408
383,331,Minnesota,MN,2,7315,2021-02-03,2021,-0.17845911949685533
384,332,Minnesota,MN,3,7327,2021-03-02,2021,-0.17711141060197663
385,333,Minnesota,MN,3,7342,2021-03-30,2021,-0.17542677448337826
386,334,Minnesota,MN,4,7228,2021-04-27,2021,-0.18823000898472597
387,335,Minnesota,MN,5,7251,2021-05-25,2021,-0.18564690026954178
388,308,Michigan,MI,3,38176,2020-03-22,2020,0.0
389,309,Michigan,MI,4,37687,2020-04-11,2020,-0.012809094719195306
390,310,Michigan,MI,6,35798,2020-06-16,2020,-0.06229044425817267
391,311,Michigan,MI,7,34973,2020-07-31,2020,-0.08390088013411567
392,312,Michigan,MI,8,34561,2020-08-31,2020,-0.09469300083822296
393,313,Michigan,MI,9,34330,2020-09-30,2020,-0.100743922883487
394,314,Michigan,MI,10,34134,2020-10-31,2020,-0.10587803855825649
395,315,Michigan,MI,11,33917,2020-11-30,2020,-0.11156223805532271
396,316,Michigan,MI,12,33617,2020-12-31,2020,-0.11942057837384744
397,317,Michigan,MI,1,33370,2021-01-31,2021,-0.12589061190276613
398,318,Michigan,MI,2,33185,2021-02-28,2021,-0.13073658843252306
399,319,Michigan,MI,3,32962,2021-03-31,2021,-0.13657795473595977
400,320,Michigan,MI,4,32822,2021-04-30,2021,-0.14024518021793797
401,321,Michigan,MI,5,32698,2021-05-31,2021,-0.14349329421626153
402,294,Massachusetts,MA,3,7969,2020-03-16,2020,0.0
403,295,Massachusetts,MA,4,7626,2020-04-13,2020,-0.04304178692433178
404,296,Massachusetts,MA,6,7125,2020-06-15,2020,-0.1059104028108922
405,297,Massachusetts,MA,7,7033,2020-07-31,2020,-0.11745513866231648
406,298,Massachusetts,MA,8,6973,2020-08-31,2020,-0.12498431421759318
407,299,Massachusetts,MA,9,6891,2020-09-28,2020,-0.13527418747647132
408,300,Massachusetts,MA,11,6729,2020-11-02,2020,-0.15560296147571842
409,301,Massachusetts,MA,11,6690,2020-11-30,2020,-0.16049692558664827
410,302,Massachusetts,MA,1,6570,2021-01-04,2021,-0.17555527669720167
411,303,Massachusetts,MA,2,6524,2021-02-01,2021,-0.1813276446229138
412,304,Massachusetts,MA,3,6374,2021-03-08,2021,-0.20015058351110554
413,305,Massachusetts,MA,3,6362,2021-03-29,2021,-0.20165641862216088
414,306,Massachusetts,MA,5,6318,2021-05-03,2021,-0.20717781402936378
415,307,Massachusetts,MA,5,6345,2021-05-31,2021,-0.20378968502948927
416,280,Maryland,MD,4,20314,2020-04-01,2020,0.0
417,281,Maryland,MD,5,19731,2020-05-01,2020,-0.028699419119818843
418,282,Maryland,MD,7,19109,2020-07-01,2020,-0.05931869646549178
419,283,Maryland,MD,8,17635,2020-08-01,2020,-0.13187949197597715
420,284,Maryland,MD,8,17455,2020-08-31,2020,-0.14074037609530374
421,285,Maryland,MD,9,18003,2020-09-30,2020,-0.11376390666535394
422,286,Maryland,MD,10,18280,2020-10-31,2020,-0.10012799054839028
423,287,Maryland,MD,11,18426,2020-11-30,2020,-0.0929408289849365
424,288,Maryland,MD,11,18426,2020-11-30,2020,-0.0929408289849365
425,289,Maryland,MD,11,18426,2020-11-30,2020,-0.0929408289849365
426,290,Maryland,MD,11,18426,2020-11-30,2020,-0.0929408289849365
427,291,Maryland,MD,11,18426,2020-11-30,2020,-0.0929408289849365
428,292,Maryland,MD,11,18426,2020-11-30,2020,-0.0929408289849365
429,293,Maryland,MD,11,18426,2020-11-30,2020,-0.0929408289849365
430,266,Maine,ME,3,2138,2020-03-15,2020,0.0
431,267,Maine,ME,4,2019,2020-04-15,2020,-0.055659494855004675
432,268,Maine,ME,6,1828,2020-06-16,2020,-0.1449953227315248
433,269,Maine,ME,7,1788,2020-07-25,2020,-0.1637043966323667
434,270,Maine,ME,8,1783,2020-08-31,2020,-0.16604303086997194
435,271,Maine,ME,9,1779,2020-09-29,2020,-0.16791393826005613
436,272,Maine,ME,10,1766,2020-10-31,2020,-0.17399438727782976
437,273,Maine,ME,12,1718,2020-12-01,2020,-0.19644527595884004
438,274,Maine,ME,12,1712,2020-12-31,2020,-0.1992516370439663
439,275,Maine,ME,2,1679,2021-02-03,2021,-0.2146866230121609
440,276,Maine,ME,3,1672,2021-03-02,2021,-0.21796071094480823
441,277,Maine,ME,4,1661,2021-04-02,2021,-0.22310570626753976
442,278,Maine,ME,4,1616,2021-04-30,2021,-0.2441534144059869
443,279,Maine,ME,5,1603,2021-05-28,2021,-0.2502338634237605
444,252,Louisiana,LA,3,15066,2020-03-18,2020,0.0
445,253,Louisiana,LA,4,14967,2020-04-15,2020,-0.006571087216248507
446,254,Louisiana,LA,6,14623,2020-06-17,2020,-0.02940395592725342
447,255,Louisiana,LA,7,14443,2020-07-31,2020,-0.04135138722952343
448,256,Louisiana,LA,8,14313,2020-08-31,2020,-0.04998008761449622
449,257,Louisiana,LA,9,14241,2020-09-30,2020,-0.05475906013540422
450,258,Louisiana,LA,10,14134,2020-10-31,2020,-0.06186114429842028
451,259,Louisiana,LA,11,14052,2020-11-30,2020,-0.06730386300278773
452,260,Louisiana,LA,12,13903,2020-12-31,2020,-0.07719368113633347
453,261,Louisiana,LA,1,13822,2021-01-31,2021,-0.08257002522235497
454,262,Louisiana,LA,2,13722,2021-02-28,2021,-0.08920748705694942
455,263,Louisiana,LA,3,13724,2021-03-31,2021,-0.08907473782025753
456,264,Louisiana,LA,4,13546,2021-04-30,2021,-0.10088941988583566
457,265,Louisiana,LA,5,13522,2021-05-31,2021,-0.10248241072613833
458,238,Kentucky,KY,3,12162,2020-03-16,2020,0.0
459,239,Kentucky,KY,4,11782,2020-04-15,2020,-0.03124486104259168
460,240,Kentucky,KY,6,11272,2020-06-15,2020,-0.07317875349449104
461,241,Kentucky,KY,7,11002,2020-07-31,2020,-0.09537904949843776
462,242,Kentucky,KY,8,10589,2020-08-31,2020,-0.12933728005262293
463,243,Kentucky,KY,9,10391,2020-09-30,2020,-0.14561749712218386
464,244,Kentucky,KY,10,10242,2020-10-30,2020,-0.15786877158362111
465,245,Kentucky,KY,11,10151,2020-11-30,2020,-0.1653510935701365
466,246,Kentucky,KY,12,9854,2020-12-30,2020,-0.18977141917447787
467,247,Kentucky,KY,1,9706,2021-01-29,2021,-0.20194047031738202
468,248,Kentucky,KY,3,9655,2021-03-01,2021,-0.20613385956257194
469,249,Kentucky,KY,3,9625,2021-03-31,2021,-0.20860055911856604
470,250,Kentucky,KY,4,9708,2021-04-30,2021,-0.20177602368031575
471,251,Kentucky,KY,6,9899,2021-06-01,2021,-0.18607136984048675
472,224,Kansas,KS,3,9804,2020-03-16,2020,0.0
473,225,Kansas,KS,4,9673,2020-04-15,2020,-0.01336189310485516
474,226,Kansas,KS,6,9091,2020-06-16,2020,-0.07272541819665443
475,227,Kansas,KS,7,8735,2020-07-31,2020,-0.10903712770297838
476,228,Kansas,KS,8,8580,2020-08-31,2020,-0.12484700122399021
477,229,Kansas,KS,9,8486,2020-09-30,2020,-0.13443492452060385
478,230,Kansas,KS,10,8414,2020-10-30,2020,-0.14177886576907384
479,231,Kansas,KS,11,8408,2020-11-30,2020,-0.142390860873113
480,232,Kansas,KS,12,8574,2020-12-31,2020,-0.12545899632802937
481,233,Kansas,KS,1,8665,2021-01-29,2021,-0.11617707058343534
482,234,Kansas,KS,3,8719,2021-03-01,2021,-0.11066911464708282
483,235,Kansas,KS,3,8745,2021-03-31,2021,-0.1080171358629131
484,236,Kansas,KS,4,8682,2021-04-30,2021,-0.11444308445532436
485,237,Kansas,KS,6,8650,2021-06-01,2021,-0.11770705834353325
486,210,Iowa,IA,3,8533,2020-03-15,2020,0.0
487,211,Iowa,IA,4,8401,2020-04-15,2020,-0.015469354271651236
488,212,Iowa,IA,6,7600,2020-06-18,2020,-0.10934020860189851
489,213,Iowa,IA,7,7493,2020-07-31,2020,-0.12187976092816126
490,214,Iowa,IA,8,7362,2020-08-31,2020,-0.13723192312199695
491,215,Iowa,IA,9,7395,2020-09-30,2020,-0.13336458455408415
492,216,Iowa,IA,10,7415,2020-10-31,2020,-0.13102074299777336
493,217,Iowa,IA,11,7441,2020-11-30,2020,-0.1279737489745693
494,218,Iowa,IA,12,7542,2020-12-31,2020,-0.11613734911519981
495,219,Iowa,IA,1,7489,2021-01-31,2021,-0.12234852923942341
496,220,Iowa,IA,2,7554,2021-02-28,2021,-0.11473104418141333
497,221,Iowa,IA,4,7627,2021-04-05,2021,-0.10617602250087894
498,222,Iowa,IA,4,7673,2021-04-30,2021,-0.10078518692136412
499,223,Iowa,IA,5,7680,2021-05-31,2021,-0.09996484237665534
500,196,Indiana,IN,4,26936,2020-04-01,2020,0.0
501,197,Indiana,IN,5,26418,2020-05-01,2020,-0.019230769230769232
502,198,Indiana,IN,7,25385,2020-07-01,2020,-0.05758093258093258
503,199,Indiana,IN,7,25385,2020-07-01,2020,-0.05758093258093258
504,200,Indiana,IN,9,24513,2020-09-01,2020,-0.08995396495396496
505,201,Indiana,IN,10,24350,2020-10-01,2020,-0.096005346005346
506,202,Indiana,IN,11,24203,2020-11-01,2020,-0.10146272646272646
507,203,Indiana,IN,12,23978,2020-12-01,2020,-0.10981585981585981
508,204,Indiana,IN,1,23726,2021-01-01,2021,-0.11917136917136917
509,205,Indiana,IN,2,23745,2021-02-01,2021,-0.11846599346599347
510,206,Indiana,IN,3,23745,2021-03-01,2021,-0.11846599346599347
511,207,Indiana,IN,4,23769,2021-04-01,2021,-0.11757499257499257
512,208,Indiana,IN,5,23554,2021-05-01,2021,-0.12555687555687556
513,209,Indiana,IN,6,23510,2021-06-01,2021,-0.12719037719037718
514,182,Illinois,IL,3,36931,2020-03-31,2020,0.0
515,183,Illinois,IL,4,34668,2020-04-30,2020,-0.06127643443177818
516,184,Illinois,IL,6,31945,2020-06-30,2020,-0.13500852941972868
517,185,Illinois,IL,7,31195,2020-07-31,2020,-0.1553166716308792
518,186,Illinois,IL,9,31236,2020-09-01,2020,-0.15420649319000299
519,187,Illinois,IL,9,31002,2020-09-30,2020,-0.16054263355988194
520,188,Illinois,IL,10,30651,2020-10-31,2020,-0.1700468441147004
521,189,Illinois,IL,11,30001,2020-11-30,2020,-0.18764723403103084
522,190,Illinois,IL,12,29225,2020-12-31,2020,-0.20865939183883458
523,191,Illinois,IL,1,29151,2021-01-22,2021,-0.21066312853700145
524,192,Illinois,IL,2,28160,2021-02-28,2021,-0.23749695377866833
525,193,Illinois,IL,3,27503,2021-03-31,2021,-0.2552868863556362
526,194,Illinois,IL,4,27313,2021-04-30,2021,-0.2604316157157943
527,195,Illinois,IL,5,27313,2021-05-31,2021,-0.2604316157157943
528,168,Idaho,ID,3,7816,2020-03-16,2020,0.0
529,169,Idaho,ID,4,7641,2020-04-15,2020,-0.022389969293756397
530,170,Idaho,ID,6,7798,2020-06-16,2020,-0.0023029682702149436
531,171,Idaho,ID,7,7626,2020-07-31,2020,-0.02430910951893552
532,172,Idaho,ID,8,7426,2020-08-31,2020,-0.04989764585465711
533,173,Idaho,ID,9,7155,2020-09-30,2020,-0.08457011258955988
534,174,Idaho,ID,10,7496,2020-10-30,2020,-0.04094165813715456
535,175,Idaho,ID,11,7407,2020-11-30,2020,-0.052328556806550665
536,176,Idaho,ID,12,7343,2020-12-31,2020,-0.06051688843398158
537,177,Idaho,ID,2,7461,2021-02-01,2021,-0.045419651995905835
538,178,Idaho,ID,3,7827,2021-03-01,2021,0.0014073694984646878
539,179,Idaho,ID,3,7867,2021-03-31,2021,0.006525076765609007
540,180,Idaho,ID,4,7921,2021-04-30,2021,0.01343398157625384
541,181,Idaho,ID,6,7878,2021-06-01,2021,0.007932446264073694
542,154,Hawaii,HI,3,4836,2020-03-31,2020,0.0
543,155,Hawaii,HI,4,4260,2020-04-30,2020,-0.11910669975186104
544,156,Hawaii,HI,6,4404,2020-06-15,2020,-0.08933002481389578
545,157,Hawaii,HI,7,4508,2020-07-31,2020,-0.06782464846980976
546,158,Hawaii,HI,8,4162,2020-08-31,2020,-0.1393713813068652
547,159,Hawaii,HI,9,4140,2020-09-30,2020,-0.14392059553349876
548,160,Hawaii,HI,11,4184,2020-11-02,2020,-0.1348221670802316
549,161,Hawaii,HI,11,4183,2020-11-30,2020,-0.13502894954507857
550,162,Hawaii,HI,12,4171,2020-12-31,2020,-0.13751033912324234
551,163,Hawaii,HI,1,4200,2021-01-31,2021,-0.1315136476426799
552,164,Hawaii,HI,3,4153,2021-03-01,2021,-0.141232423490488
553,165,Hawaii,HI,3,4117,2021-03-31,2021,-0.1486765922249793
554,166,Hawaii,HI,4,4084,2021-04-30,2021,-0.1555004135649297
555,167,Hawaii,HI,5,4134,2021-05-31,2021,-0.14516129032258066
556,140,Georgia,GA,4,55019,2020-04-01,2020,0.0
557,141,Georgia,GA,5,53642,2020-05-01,2020,-0.025027717697522673
558,142,Georgia,GA,7,51213,2020-07-01,2020,-0.06917610280085061
559,143,Georgia,GA,8,50446,2020-08-01,2020,-0.08311674148930369
560,144,Georgia,GA,9,49848,2020-09-01,2020,-0.09398571402606372
561,145,Georgia,GA,10,49365,2020-10-01,2020,-0.10276449953652375
562,146,Georgia,GA,11,48433,2020-11-05,2020,-0.11970410221923336
563,147,Georgia,GA,11,48132,2020-11-30,2020,-0.12517493956633163
564,148,Georgia,GA,1,47703,2021-01-01,2021,-0.13297224595139862
565,149,Georgia,GA,2,47027,2021-02-01,2021,-0.1452589105581708
566,150,Georgia,GA,3,46530,2021-03-01,2021,-0.15429215361965867
567,151,Georgia,GA,4,46309,2021-04-01,2021,-0.1583089478180265
568,152,Georgia,GA,5,46195,2021-05-03,2021,-0.16038095930496737
569,153,Georgia,GA,6,46296,2021-06-01,2021,-0.15854522982969518
570,126,Florida,FL,3,93764,2020-03-15,2020,0.0
571,127,Florida,FL,4,91828,2020-04-15,2020,-0.020647583294228063
572,128,Florida,FL,6,88305,2020-06-16,2020,-0.058220639051235014
573,129,Florida,FL,7,85839,2020-07-31,2020,-0.08452071157373832
574,130,Florida,FL,9,84601,2020-09-01,2020,-0.09772407320506804
575,131,Florida,FL,9,82997,2020-09-30,2020,-0.11483085192611237
576,132,Florida,FL,10,82027,2020-10-31,2020,-0.12517597372125763
577,133,Florida,FL,12,81795,2020-12-01,2020,-0.12765027089288
578,134,Florida,FL,12,79523,2020-12-31,2020,-0.15188131905635424
579,135,Florida,FL,2,79322,2021-02-01,2021,-0.15402499893349259
580,136,Florida,FL,2,79476,2021-02-28,2021,-0.1523825775350881
581,137,Florida,FL,3,79660,2021-03-31,2021,-0.1504202039162152
582,138,Florida,FL,4,80298,2021-04-30,2021,-0.14361588669425365
583,139,Florida,FL,5,80271,2021-05-31,2021,-0.14390384369267523
584,112,Federal,US,3,172088,2020-03-12,2020,0.0
585,113,Federal,US,4,167720,2020-04-16,2020,-0.02538236251220306
586,114,Federal,US,6,154707,2020-06-18,2020,-0.10100065082980801
587,115,Federal,US,7,150025,2020-07-31,2020,-0.1282076611965971
588,116,Federal,US,8,147457,2020-08-27,2020,-0.1431302589372879
589,117,Federal,US,10,146802,2020-10-01,2020,-0.14693645111803263
590,118,Federal,US,11,145718,2020-11-05,2020,-0.15323555390265445
591,119,Federal,US,12,144751,2020-12-03,2020,-0.15885477197712797
592,120,Federal,US,12,143350,2020-12-31,2020,-0.16699595555762167
593,121,Federal,US,1,143416,2021-01-28,2021,-0.1666124308493329
594,122,Federal,US,3,143443,2021-03-04,2021,-0.16645553437776023
595,123,Federal,US,4,143987,2021-04-01,2021,-0.16329436102459208
596,124,Federal,US,4,144016,2021-04-22,2021,-0.16312584259216215
597,125,Federal,US,6,144976,2021-06-03,2021,-0.15754730138068895
598,98,Delaware,DE,3,5042,2020-03-15,2020,0.0
599,99,Delaware,DE,4,4624,2020-04-15,2020,-0.08290360967869893
600,100,Delaware,DE,6,4233,2020-06-25,2020,-0.16045220150733835
601,101,Delaware,DE,7,4195,2020-07-31,2020,-0.16798889329631098
602,102,Delaware,DE,8,4216,2020-08-31,2020,-0.1638238794129314
603,103,Delaware,DE,9,4322,2020-09-30,2020,-0.14280047600158668
604,104,Delaware,DE,10,4457,2020-10-31,2020,-0.11602538675128918
605,105,Delaware,DE,11,4168,2020-11-20,2020,-0.1733439111463705
606,106,Delaware,DE,12,4358,2020-12-31,2020,-0.13566045220150733
607,107,Delaware,DE,1,4677,2021-01-31,2021,-0.07239190797302658
608,108,Delaware,DE,2,4360,2021-02-28,2021,-0.13526378421261404
609,109,Delaware,DE,3,4326,2021-03-31,2021,-0.14200714002380008
610,110,Delaware,DE,4,4269,2021-04-30,2021,-0.15331217770725902
611,111,Delaware,DE,5,4267,2021-05-31,2021,-0.1537088456961523
612,84,Connecticut,CT,3,12290,2020-03-15,2020,0.0
613,85,Connecticut,CT,4,11454,2020-04-15,2020,-0.06802278275020342
614,86,Connecticut,CT,6,10206,2020-06-16,2020,-0.1695687550854353
615,87,Connecticut,CT,8,9645,2020-08-01,2020,-0.21521562245728235
616,88,Connecticut,CT,9,9545,2020-09-01,2020,-0.22335231895850285
617,89,Connecticut,CT,9,9391,2020-09-30,2020,-0.23588283157038242
618,90,Connecticut,CT,10,9348,2020-10-31,2020,-0.23938161106590725
619,91,Connecticut,CT,11,9233,2020-11-30,2020,-0.24873881204231083
620,92,Connecticut,CT,12,9111,2020-12-31,2020,-0.25866558177379984
621,93,Connecticut,CT,1,9053,2021-01-31,2021,-0.26338486574450776
622,94,Connecticut,CT,2,9043,2021-02-28,2021,-0.2641985353946298
623,95,Connecticut,CT,3,8961,2021-03-31,2021,-0.2708706265256306
624,96,Connecticut,CT,4,8957,2021-04-30,2021,-0.27119609438567943
625,97,Connecticut,CT,5,8957,2021-05-31,2021,-0.27119609438567943
626,70,Colorado,CO,3,17585,2020-03-31,2020,0.0
627,71,Colorado,CO,4,16382,2020-04-30,2020,-0.06841057719647427
628,72,Colorado,CO,6,15807,2020-06-30,2020,-0.10110889963036679
629,73,Colorado,CO,7,15531,2020-07-31,2020,-0.1168040943986352
630,74,Colorado,CO,8,15022,2020-08-31,2020,-0.14574921808359398
631,75,Colorado,CO,9,14935,2020-09-30,2020,-0.1506966164344612
632,76,Colorado,CO,10,14673,2020-10-31,2020,-0.16559567813477397
633,77,Colorado,CO,11,14257,2020-11-30,2020,-0.1892522035825988
634,78,Colorado,CO,12,13687,2020-12-31,2020,-0.22166619277793573
635,79,Colorado,CO,1,13558,2021-01-31,2021,-0.22900199033266988
636,80,Colorado,CO,2,13556,2021-02-28,2021,-0.22911572362809213
637,81,Colorado,CO,3,13553,2021-03-31,2021,-0.22928632357122547
638,82,Colorado,CO,4,13537,2021-04-30,2021,-0.23019618993460336
639,83,Colorado,CO,5,13650,2021-05-31,2021,-0.22377025874324707
640,56,California,CA,3,117639,2020-03-11,2020,0.0
641,57,California,CA,4,113632,2020-04-15,2020,-0.034061833235576634
642,58,California,CA,6,109800,2020-06-17,2020,-0.06663606457042308
643,59,California,CA,7,102715,2020-07-29,2020,-0.12686269009427145
644,60,California,CA,9,97342,2020-09-02,2020,-0.17253631873783354
645,61,California,CA,9,94852,2020-09-30,2020,-0.19370276863965183
646,62,California,CA,11,94433,2020-11-04,2020,-0.1972645126191144
647,63,California,CA,12,94179,2020-12-02,2020,-0.19942366052074567
648,64,California,CA,12,92350,2020-12-30,2020,-0.21497122552894873
649,65,California,CA,1,91341,2021-01-27,2021,-0.22354831305944456
650,66,California,CA,2,91516,2021-02-24,2021,-0.22206071115871437
651,67,California,CA,3,92079,2021-03-31,2021,-0.21727488332950806
652,68,California,CA,4,92836,2021-04-28,2021,-0.21083994253606372
653,69,California,CA,6,95107,2021-06-02,2021,-0.19153512015573065
654,42,Arkansas,AR,3,17501,2020-03-15,2020,0.0
655,43,Arkansas,AR,4,17502,2020-04-15,2020,5.713959202331295e-05
656,44,Arkansas,AR,6,16473,2020-06-16,2020,-0.058739500599965716
657,45,Arkansas,AR,7,15736,2020-07-31,2020,-0.10085137992114736
658,46,Arkansas,AR,8,15521,2020-08-31,2020,-0.11313639220615965
659,47,Arkansas,AR,9,15127,2020-09-30,2020,-0.13564939146334495
660,48,Arkansas,AR,10,14883,2020-10-30,2020,-0.14959145191703332
661,49,Arkansas,AR,11,14899,2020-11-30,2020,-0.1486772184446603
662,50,Arkansas,AR,12,14812,2020-12-31,2020,-0.15364836295068854
663,51,Arkansas,AR,2,14462,2021-02-01,2021,-0.17364722015884806
664,52,Arkansas,AR,2,14630,2021-02-26,2021,-0.16404776869893148
665,53,Arkansas,AR,3,15020,2021-03-31,2021,-0.14176332780983944
666,54,Arkansas,AR,4,15530,2021-04-30,2021,-0.11262213587794984
667,55,Arkansas,AR,5,15898,2021-05-31,2021,-0.09159476601337066
668,28,Arizona,AZ,3,42360,2020-03-31,2020,0.0
669,29,Arizona,AZ,4,41777,2020-04-30,2020,-0.013762983947119924
670,30,Arizona,AZ,6,40529,2020-06-30,2020,-0.0432247403210576
671,31,Arizona,AZ,7,39339,2020-07-31,2020,-0.07131728045325779
672,32,Arizona,AZ,8,39153,2020-08-31,2020,-0.07570821529745042
673,33,Arizona,AZ,9,38894,2020-09-30,2020,-0.08182247403210575
674,34,Arizona,AZ,10,38495,2020-10-31,2020,-0.09124173748819642
675,35,Arizona,AZ,11,38141,2020-11-30,2020,-0.09959867799811142
676,36,Arizona,AZ,12,37731,2020-12-31,2020,-0.10927762039660056
677,37,Arizona,AZ,1,37396,2021-01-31,2021,-0.11718602455146364
678,38,Arizona,AZ,2,36975,2021-02-28,2021,-0.12712464589235128
679,39,Arizona,AZ,3,36704,2021-03-31,2021,-0.13352219074598679
680,40,Arizona,AZ,4,36569,2021-04-30,2021,-0.13670915958451368
681,41,Arizona,AZ,5,36266,2021-05-31,2021,-0.14386213408876297
682,14,Alaska,AK,3,4776,2020-03-15,2020,0.0
683,15,Alaska,AK,4,4277,2020-04-15,2020,-0.10448073701842546
684,16,Alaska,AK,6,4216,2020-06-16,2020,-0.11725293132328309
685,17,Alaska,AK,7,4334,2020-07-31,2020,-0.09254606365159129
686,18,Alaska,AK,8,4414,2020-08-31,2020,-0.07579564489112228
687,19,Alaska,AK,9,4511,2020-09-30,2020,-0.0554857621440536
688,20,Alaska,AK,10,4586,2020-10-31,2020,-0.039782244556113906
689,21,Alaska,AK,11,4581,2020-11-30,2020,-0.04082914572864322
690,22,Alaska,AK,12,4559,2020-12-31,2020,-0.045435510887772194
691,23,Alaska,AK,1,4523,2021-01-31,2021,-0.05297319932998325
692,24,Alaska,AK,2,4505,2021-02-28,2021,-0.05674204355108878
693,25,Alaska,AK,3,4493,2021-03-31,2021,-0.059254606365159126
694,26,Alaska,AK,4,4478,2021-04-30,2021,-0.062395309882747066
695,27,Alaska,AK,5,4487,2021-05-31,2021,-0.06051088777219431
696,0,Alabama,AL,3,21114,2020-03-31,2020,0.0
697,1,Alabama,AL,4,20655,2020-04-30,2020,-0.021739130434782608
698,2,Alabama,AL,6,19752,2020-06-30,2020,-0.06450696220517192
699,3,Alabama,AL,7,19342,2020-07-31,2020,-0.08392535758264659
700,4,Alabama,AL,8,18901,2020-08-31,2020,-0.10481197309841811
701,5,Alabama,AL,9,18693,2020-09-30,2020,-0.11466325660699062
702,6,Alabama,AL,10,18262,2020-10-31,2020,-0.13507625272331156
703,7,Alabama,AL,11,17914,2020-11-30,2020,-0.1515582078241925
704,8,Alabama,AL,12,17725,2020-12-31,2020,-0.16050961447380885
705,9,Alabama,AL,1,17454,2021-01-31,2021,-0.17334470019892015
706,10,Alabama,AL,2,17308,2021-02-28,2021,-0.18025954343089892
707,11,Alabama,AL,3,17134,2021-03-31,2021,-0.1885005209813394
708,12,Alabama,AL,4,17051,2021-04-30,2021,-0.19243156199677938
709,13,Alabama,AL,4,17051,2021-04-30,2021,-0.19243156199677938
